"afr","afr-x-bible-boodskap.csv",50000,5.92671064163695
"aai","aai-x-bible.csv",50000,6.33310555026719
"adh","adh-x-bible.csv",50000,6.08570891352264
"aey","aey-x-bible.csv",50000,6.49420503412319
"ace","ace-x-bible.csv",50000,5.69412690995196
"afr","afr-x-bible-lewende.csv",50000,5.78724709963022
"aby","aby-x-bible.csv",50000,5.92125269983164
"afr","afr-x-bible-1953.csv",50000,5.53660737025583
"acu","acu-x-bible.csv",50000,6.69368054547758
"afr","afr-x-bible-1983.csv",50000,5.41083290752182
"acf","acf-x-bible.csv",50000,5.35095178232985
"aak","aak-x-bible.csv",50000,6.7381186870106
"ady","ady-x-bible.csv",50000,8.95553608711646
"ade","ade-x-bible.csv",50000,4.75454952712434
"adj","adj-x-bible.csv",50000,5.12468134641077
"acr","acr-x-bible-cubulcu.csv",50000,5.07600742732986
"afr","afr-x-bible-newworld.csv",50000,5.54083782304878
"acn","acn-x-bible.csv",50000,4.86416487932565
"aau","aau-x-bible.csv",50000,5.35227419121904
"acd","acd-x-bible.csv",50000,4.76195090038413
"agx","agx-x-bible.csv",17901,7.27160747381639
"abt","abt-x-bible-wosera.csv",50000,5.36507504252646
"acr","acr-x-bible-reformed.csv",50000,5.31845864456407
"acr","acr-x-bible-traditional.csv",50000,5.3186139797181
"abx","abx-x-bible.csv",50000,5.54720900722435
"abt","abt-x-bible-maprik.csv",50000,4.93627968706373
"alt","alt-x-bible-southern.csv",50000,7.00309738566532
"aly","aly-x-bible.csv",50000,7.70411807383354
"alt","alt-x-bible.csv",50000,7.04530511125434
"alp","alp-x-bible.csv",50000,5.37423857704926
"alj","alj-x-bible.csv",50000,5.27068366938555
"aln","aln-x-bible.csv",50000,6.31589995218372
"aln","aln-x-bible-newworld.csv",50000,6.34906664464576
"afr","afr-x-bible-viralmal.csv",50000,4.71832396127242
"ake","ake-x-bible.csv",50000,5.59581482745706
"agd","agd-x-bible.csv",50000,5.88912217479643
"agw","agw-x bible.csv",50000,5.10673855190177
"alz","alz-x-bible.csv",50000,6.04858067860157
"agg","agg-x-bible.csv",50000,6.94086294874469
"akh","akh-x-bible.csv",50000,5.19969039523307
"akb","akb-x-bible.csv",50000,5.60769005065123
"ahk","ahk-x-bible.csv",50000,4.88851190817217
"alq","alq-x-bible.csv",50000,5.92579971764488
"aia","aia-x-bible.csv",50000,5.44825943850122
"aii","aii-x-bible.csv",50000,7.42257596468618
"agm","agm-x-bible.csv",50000,7.76136663556064
"agu","agu-x-bible.csv",50000,5.470925037141
"agr","agr-x-bible.csv",50000,7.23332751812072
"agt","agt-x-bible.csv",50000,4.88305639418139
"amp","amp-x-bible.csv",50000,6.53225675293189
"agn","agn-x-bible.csv",50000,5.00055975247147
"ape","ape-x-bible.csv",50000,6.07926694154785
"apn","apn-x-bible.csv",50000,4.76532039605045
"amn","amn-x-bible-naineri.csv",50000,6.84110373238418
"arp","arp-x-bible.csv",13714,8.07248422982395
"apr","apr-x-bible.csv",50000,4.73370075642144
"amx","amx-x-bible.csv",45059,6.64313815351976
"aon","aon-x-bible.csv",50000,5.97520189545118
"aoj","aoj-x-bible-mufian.csv",50000,6.34237547870722
"aoz","aoz-x-bible.csv",50000,5.40550895035484
"amh","amh-x-bible-latin.csv",50000,8.11164717870643
"aoj","aoj-x-bible-filifita.csv",50000,5.93024772639463
"aui","aui-x-bible.csv",12773,6.65908203562892
"amh","amh-x-bible.csv",50000,8.11192576571562
"aoi","aoi-x-bible.csv",50000,7.20932042052797
"amf","amf-x-bible.csv",50000,6.4646019899104
"anv","anv-x-bible.csv",50000,6.08108893506571
"apu","apu-x-bible.csv",50000,6.80527238228638
"amr","amr-x-bible.csv",50000,7.30649562370675
"amu","amu-x-bible.csv",50000,6.16019250758474
"ann","ann-x-bible.csv",50000,5.60089829441974
"amn","amn-x-bible.csv",50000,6.92126081817602
"amh","amh-x-bible-newworld.csv",50000,7.81807414955804
"aom","aom-x-bible.csv",50000,6.12591274709019
"ame","ame-x-bible.csv",50000,6.61331371683577
"amk","amk-x-bible.csv",50000,5.653546740788
"arz","arz-x-bible.csv",50000,8.00696156462259
"avu","avu-x-bible.csv",50000,4.7981478908793
"amm","amm-x-bible.csv",50000,5.23428064757928
"azz","azz-x-bible.csv",50000,6.19377584964897
"awa","awa-x-bible.csv",50000,6.38504723651345
"avt","avt-x-bible.csv",50000,5.54836012978176
"arb","arb-x-bible.csv",50000,7.63768729596607
"ava","ava-x-bible.csv",50000,7.04566056005962
"bbc","bbc-x-bible.csv",50000,5.65661326647394
"atb","atb-x-bible.csv",50000,4.60372018410348
"awb","awb-x-bible.csv",50000,6.3688080524223
"att","att-x-bible.csv",50000,5.25253323490593
"atg","atg-x-bible.csv",50000,5.28200122192389
"awi","awi-x-bible.csv",50000,5.90477159598113
"bco","bco-x-bible.csv",39882,6.64212777217061
"apy","apy-x-bible.csv",50000,5.95947168590321
"bea","bea-x-bible.csv",10719,7.46206131713333
"arb","arb-x-bible-newworld.csv",50000,7.97242403889867
"apz","apz-x-bible.csv",50000,6.3518800402247
"atd","atd-x-bible.csv",50000,5.20147109605981
"ata","ata-x-bible.csv",50000,5.78197075772008
"arn","arn-x-bible.csv",50000,6.12921352502161
"auc","auc-x-bible.csv",50000,5.829035433552
"apw","apw-x-bible.csv",50000,7.02343942798597
"bjp","bjp-x-bible.csv",24492,4.67184898008478
"aso","aso-x-bible.csv",50000,6.04156097061987
"auy","auy-x-bible.csv",50000,6.94876384130537
"bak","bak-x-bible.csv",50000,7.09479171516258
"awx","awx-x-bible.csv",29821,7.22807149127399
"arl","arl-x-bible.csv",50000,6.9402143788945
"bfd","bfd-x-bible.csv",50000,5.65677476784591
"are","are-x-bible.csv",50000,5.87402984997751
"bmk","bmk-x-bible.csv",14986,6.02295080051694
"bcl","bcl-x-bible.csv",50000,5.55863231089363
"bcw","bcw-x-bible.csv",50000,5.38739954715945
"ayr","ayr-x-bible-2011.csv",50000,8.41343811023094
"bar","bar-x-bible.csv",50000,6.47218871032065
"bch","bch-x-bible.csv",50000,5.15262657906961
"bao","bao-x-bible.csv",50000,5.74677318454461
"bdd","bdd-x-bible.csv",50000,6.3918295068581
"bav","bav-x-bible.csv",50000,5.04721064064093
"ayo","ayo-x-bible.csv",50000,6.04893271233406
"azb","azb-x-bible-latin.csv",50000,7.35819949628657
"bba","bba-x-bible.csv",50000,5.65662139343011
"bqp","bqp-x-bible.csv",50000,5.59343976164772
"ban","ban-x-bible.csv",50000,6.12884628405836
"bbb","bbb-x-bible.csv",50000,5.99410670833374
"azg","azg-x-bible.csv",50000,5.85576120298186
"ayr","ayr-x-bible-1997.csv",50000,8.64933925574645
"big","big-x-bible.csv",50000,5.589646586081
"bef","bef-x-bible.csv",50000,6.550871207039
"bfo","bfo-x-bible.csv",50000,4.76745017783504
"bbr","bbr-x-bible.csv",50000,5.36937064043539
"bam","bam-x-bible.csv",50000,4.78648791499282
"bug","bug-x-bible.csv",50000,6.53167359661326
"aze","aze-x-bible-newworld.csv",50000,7.55528000833851
"ben","ben-x-bible-easy.csv",50000,6.52446180075507
"bkd","bkd-x-bible.csv",50000,4.76648194369373
"aze","aze-x-bible.csv",50000,7.3574199761027
"bhg","bhg-x-bible.csv",50000,5.8222503835978
"bjr","bjr-x-bible.csv",50000,7.38899716121647
"biv","biv-x-bible.csv",50000,4.90527380307191
"bem","bem-x-bible-newworld.csv",50000,6.6417305424863
"bgz","bgz-x-bible.csv",50000,6.31592927493341
"bxr","bxr-x-bible.csv",50000,7.22219308513066
"bis","bis-x-bible.csv",50000,4.10480553241082
"bhl","bhl-x-bible.csv",50000,5.69016258667968
"ben","ben-x-bible-holybible.csv",50000,6.11941934807945
"bib","bib-x-bible.csv",50000,4.70977457287455
"bhp","bhp-x-bible.csv",50000,5.71340786137917
"bjv","bjv-x-bible.csv",50000,4.71395623969543
"bex","bex-x-bible.csv",50000,4.96588060165116
"ben","ben-x-bible-common.csv",50000,6.67528583832797
"bkq","bkq-x-bible.csv",50000,6.01931506714708
"bgs","bgs-x-bible.csv",50000,5.07348126834543
"box","box-x-bible.csv",50000,4.70590568642416
"bmq","bmq-x-bible.csv",50000,5.26783013498004
"bgr","bgr-x-bible.csv",50000,4.93450600092252
"ben","ben-x-bible-old.csv",50000,6.15831844157506
"cak","cak-x-bible-central1980.csv",50000,5.37328521912387
"bim","bim-x-bible.csv",50000,5.33755165684696
"blh","blh-x-bible.csv",50000,5.24858541803373
"ben","ben-x-bible-mussolmani.csv",50000,6.68572383742722
"bnp","bnp-x-bible.csv",50000,4.7526839643604
"bqc","bqc-x-bible.csv",50000,6.52758610026941
"bre","bre-x-bible.csv",50000,5.51552099587813
"bku","bku-x-bible.csv",50000,5.55577454329779
"cat","cat-x-bible-evangelica.csv",50000,6.05596846719215
"bsn","bsn-x-bible.csv",50000,5.73153630056991
"blw","blw-x-bible.csv",50000,5.78235175848963
"boa","boa-x-bible.csv",50000,7.25153580294302
"bon","bon-x-bible.csv",50000,5.43228561576949
"bps","bps-x-bible.csv",50000,5.19507523820822
"bmu","bmu-x-bible.csv",50000,7.00278022601346
"bss","bss-x-bible.csv",50000,6.22009002918256
"bnj","bnj-x-bible.csv",50000,4.82627864076185
"bmh","bmh-x-bible.csv",50000,5.42455603248741
"buk","buk-x-bible.csv",50000,4.9503433589248
"bmr","bmr-x-bible.csv",50000,7.70259663280585
"bmb","bmb-x-bible.csv",50000,6.1436908498081
"bru","bru-x-bible.csv",50000,4.66624780920671
"byr","byr-x-bible-wagama.csv",2836,7.14635535584109
"bto","bto-x-bible.csv",50000,5.66033229085347
"bvz","bvz-x-bible.csv",50000,5.18951574060462
"cbv","cbv-x-bible.csv",50000,5.32768603490638
"bkv","bkv-x-bible.csv",50000,4.70669830706886
"bpr","bpr-x-bible.csv",50000,4.96722972598355
"bul","bul-x-bible-veren.csv",50000,6.38626251610094
"btd","btd-x-bible.csv",50000,6.04957152820514
"bxh","bxh-x-bible.csv",50000,5.94053128519679
"boj","boj-x-bible.csv",50000,4.92600564386999
"byr","byr-x-bible.csv",50000,7.97506622223357
"blz","blz-x-bible.csv",50000,5.46306679556398
"ces","ces-x-bible-living.csv",50000,7.58957917696846
"byx","byx-x-bible.csv",50000,4.60717425818427
"bts","bts-x-bible.csv",50000,5.6831102321962
"bum","bum-x-bible.csv",50000,5.49717211785679
"bwu","bwu-x-bible.csv",50000,4.6485025716113
"bul","bul-x-bible-modern.csv",50000,6.34724653285286
"bul","bul-x-bible-newworld.csv",50000,6.37456134363215
"btx","btx-x-bible.csv",50000,5.76777749601991
"bud","bud-x-bible.csv",50000,5.88441525553864
"bzd","bzd-x-bible.csv",50000,5.28071177760202
"cak","cak-x-bible-central2003.csv",50000,5.75412988618714
"bvr","bvr-x-bible.csv",50000,5.51437860279016
"bul","bul-x-bible-1940.csv",50000,6.60180170229557
"cap","cap-x-bible-1978.csv",50000,7.08565828750886
"bth","bth-x-bible.csv",50000,5.21762861866884
"chk","chk-x-bible.csv",50000,5.56404991697898
"caa","caa-x-bible.csv",50000,4.92249662209034
"bwq","bwq-x-bible.csv",50000,4.86750836641814
"bus","bus-x-bible.csv",50000,5.59693822777983
"bzh","bzh-x-bible.csv",50000,5.38032881543322
"cak","cak-x-bible-southern.csv",50000,5.26554693330995
"cat","cat-x-bible-inter.csv",50000,5.83477941379246
"cav","cav-x-bible.csv",50000,5.77428263279645
"cax","cax-x-bible-1980.csv",50000,6.25127206732895
"cas","cas-x-bible.csv",50000,5.77818321463653
"btt","btt-x-bible.csv",50000,4.76047406668053
"clu","clu-x-bible.csv",50000,5.36307396739376
"cab","cab-x-bible.csv",50000,6.44102813227005
"cak","cak-x-bible-western.csv",50000,5.16946810708245
"cax","cax-x-bible-2002.csv",50000,6.16146072126556
"cak","cak-x-bible-eastern.csv",50000,5.46178192237839
"car","car-x-bible.csv",50000,5.85534124033525
"cce","cce-x-bible.csv",50000,5.64682549372899
"caf","caf-x-bible.csv",50000,6.54804116655517
"cac","cac-x-bible-sansebastian.csv",50000,5.10784360439483
"cop","cop-x-bible-bohairic.csv",50000,7.27080521861968
"cak","cak-x-bible-santamaria.csv",50000,4.99967629842299
"bzj","bzj-x-bible.csv",50000,4.76933100898561
"cao","cao-x-bible.csv",50000,5.69171412672692
"cak","cak-x-bible-chimaltenango.csv",50000,5.28710270549166
"cbk","cbk-x-bible.csv",50000,4.73325132528037
"cap","cap-x-bible-2004.csv",50000,6.78533087868643
"ceg","ceg-x-bible.csv",50000,5.16188805826926
"ces","ces-x-bible-preklad.csv",50000,6.95786226112285
"ces","ces-x-bible-newworld.csv",50000,6.97842186239592
"ceb","ceb-x-bible-godsword.csv",50000,5.66129672564286
"ces","ces-x-bible-novakarlica.csv",50000,6.58963655608359
"ces","ces-x-bible-kralicka.csv",50000,7.09796354646513
"cak","cak-x-bible-yepocapa.csv",50000,5.34328778596411
"crt","crt-x-bible.csv",50000,6.54367308818875
"cac","cac-x-bible-ixtatan.csv",50000,5.39368227008267
"cfm","cfm-x-bible.csv",50000,5.58739256442545
"cbc","cbc-x-bible.csv",50000,5.68471779342767
"ceb","ceb-x-bible-newworld.csv",50000,5.44687843842087
"chq","chq-x-bible.csv",50000,6.22325037214057
"ces","ces-x-bible-ekumenicky.csv",50000,7.26712868808017
"ceb","ceb-x-bible-bugna2009.csv",50000,5.38309875298411
"cbu","cbu-x-bible.csv",50000,7.47948736707584
"cbr","cbr-x-bible.csv",50000,5.63403573167839
"cbt","cbt-x-bible.csv",50000,6.62719759255437
"ckt","ckt-x-bible.csv",15959,7.95157999970676
"ceb","ceb-x-bible-bugna.csv",50000,5.39546184260564
"ceb","ceb-x-bible-popular.csv",50000,5.6819287556483
"cui","cui-x-bible.csv",50000,5.97991695096322
"cbi","cbi-x-bible.csv",50000,6.6467823725974
"cha","cha-x-bible-2003.csv",50000,6.08145561647343
"cnh","cnh-x-bible.csv",50000,5.3378711065602
"cjs","cjs-x-bible.csv",26395,7.2443737043883
"ces","ces-x-bible-bible21.csv",50000,7.22927769597438
"cjv","cjv-x-bible.csv",50000,5.32356203012169
"cly","cly-x-bible.csv",50000,4.54104861248709
"cco","cco-x-bible.csv",50000,5.42368830631469
"cme","cme-x-bible.csv",50000,5.43185536520444
"cle","cle-x-bible.csv",50000,5.52773507173354
"dah","dah-x-bible.csv",50000,5.6653823530442
"cni","cni-x-bible.csv",50000,8.05499648952619
"ceb","ceb-x-bible-pinadayag.csv",50000,5.38309875298411
"chz","chz-x-bible.csv",50000,5.37347179091903
"cjo","cjo-x-bible.csv",50000,8.00674454122545
"cop","cop-x-bible-bohairicdiacritics.csv",50000,7.27834088495775
"che","che-x-bible.csv",50000,7.07867331992476
"cbs","cbs-x-bible.csv",50000,6.49489121896598
"chu","chu-x-bible.csv",50000,6.86994717886972
"cha","cha-x-bible-2010.csv",50000,6.45890076256423
"chv","chv-x-bible.csv",50000,6.7969504617518
"chf","chf-x-bible.csv",50000,5.28253697864843
"crq","crq-x-bible.csv",50000,6.53797437042031
"cgc","cgc-x-bible.csv",50000,4.86937885852201
"cha","cha-x-bible-1908.csv",50000,6.45895147809965
"deu","deu-x-bible-freebible.csv",50000,6.02659187667413
"cnw","cnw-x-bible.csv",50000,5.76783923149788
"crm","crm-x-bible.csv",50000,6.60641136590762
"crn","crn-x-bible-nayar.csv",50000,5.78917009429494
"crx","crx-x-bible.csv",50000,6.68595516076822
"chr","chr-x-bible.csv",50000,8.02037532610198
"cso","cso-x-bible.csv",50000,5.19473329853054
"csy","csy-x-bible.csv",50000,5.4731197210825
"deu","deu-x-bible-newworld.csv",50000,6.29595603567305
"cko","cko-x-bible.csv",50000,4.51779644578594
"crs","crs-x-bible.csv",50000,5.48758289547805
"csk","csk-x-bible.csv",50000,5.99770409788058
"cpb","cpb-x-bible.csv",50000,8.03019393214012
"cjp","cjp-x-bible.csv",50000,5.35567534464818
"cok","cok-x-bible.csv",50000,5.72292043215336
"cpc","cpc-x-bible.csv",50000,7.91225769074765
"cuk","cuk-x-bible.csv",50000,7.78367874710854
"chd","chd-x-bible.csv",50000,6.79320322878088
"cot","cot-x-bible.csv",50000,8.04592811419126
"cpa","cpa-x-bible.csv",50000,5.77304376400954
"con","con-x-bible.csv",50000,6.67937664086647
"coe","coe-x-bible.csv",50000,6.21307673056014
"cnt","cnt-x-bible.csv",50000,6.07759708042522
"cnl","cnl-x-bible.csv",50000,5.21967405804746
"cym","cym-x-bible-morgan1804.csv",50000,6.10895098869089
"ctp","ctp-x-bible.csv",50000,4.59737548212711
"cym","cym-x-bible-revised2004.csv",50000,5.83824435822557
"daa","daa-x-bible.csv",50000,5.54550875804108
"dak","dak-x-bible.csv",50000,6.34890475703376
"cop","cop-x-bible-sahidic.csv",50000,7.54061160781473
"dan","dan-x-bible-frederik.csv",50000,5.72808179953368
"crn","crn-x-bible-presidio.csv",50000,5.4864874061989
"dgz","dgz-x-bible.csv",50000,5.55848158753609
"dan","dan-x-bible-hverdagsdansk.csv",50000,5.73784441712323
"dan","dan-x-bible-1931.csv",50000,6.2584018967885
"cpu","cpu-x-bible.csv",50000,7.99158547774824
"dad","dad-x-bible.csv",50000,5.47520447516588
"cya","cya-x-bible.csv",50000,4.53799767470421
"dts","dts-x-bible.csv",50000,5.51076920720532
"cwt","cwt-x-bible.csv",50000,5.98883483198258
"cwe","cwe-x-bible.csv",50000,6.89431727432744
"cub","cub-x-bible.csv",50000,6.02822745381615
"deu","deu-x-bible-genfer2011.csv",50000,5.90161364593591
"cof","cof-x-bible.csv",50000,6.44715965506313
"cux","cux-x-bible.csv",50000,5.32179025357775
"ctd","ctd-x-bible.csv",50000,5.40086412211662
"ctu","ctu-x-bible-tili.csv",50000,5.07832494885828
"cta","cta-x-bible.csv",50000,4.63555823696138
"cuc","cuc-x-bible.csv",50000,5.87236540615623
"deu","deu-x-bible-luther1912.csv",50000,6.29351599850306
"deu","deu-x-bible-luther1545letztehand.csv",50000,6.39143242849102
"deu","deu-x-bible-menge.csv",50000,6.58896500392683
"des","des-x-bible.csv",50000,6.23899265511104
"czt","czt-x-bible.csv",50000,5.94329684847245
"deu","deu-x-bible-pattloch.csv",50000,6.7141177275926
"deu","deu-x-bible-schlachter2000.csv",50000,5.76694204881173
"cut","cut-x-bible.csv",50000,4.66072518020083
"deu","deu-x-bible-schlachter.csv",50000,6.38924683106354
"ell","ell-x-bible-hellenic1.csv",50000,6.20411009725494
"deu","deu-x-bible-reinhardt1910.csv",50000,6.024769128341
"cym","cym-x-bible-colloquial2013.csv",50000,5.81439333839459
"deu","deu-x-bible-neue.csv",50000,6.69826486119328
"eng","eng-x-bible-books.csv",50000,5.49179042497195
"deu","deu-x-bible-konkordant.csv",50000,5.96169562676987
"deu","deu-x-bible-interlinear.csv",50000,6.04551354543473
"deu","deu-x-bible-elberfelder1905.csv",50000,6.04351284892055
"ded","ded-x-bible.csv",50000,6.96001356932748
"deu","deu-x-bible-hoffnung.csv",50000,5.79189682465772
"deu","deu-x-bible-gruenewalder.csv",50000,6.70465537084564
"dhm","dhm-x-bible.csv",50000,5.79878550105624
"deu","deu-x-bible-albrecht.csv",50000,6.15701033408478
"dan","dan-x-bible-newworld.csv",50000,5.99241159686614
"ctu","ctu-x-bible-tumbala.csv",50000,5.06763754875938
"deu","deu-x-bible-erben.csv",50000,5.97312186293433
"dow","dow-x-bible.csv",50000,5.79221908667434
"dnj","dnj-x-bible-western.csv",50000,4.82905894786883
"deu","deu-x-bible-volxbibel.csv",50000,6.66343240684734
"deu","deu-x-bible-meister.csv",50000,6.04331984967756
"dwr","dwr-x-bible.csv",50000,7.38541487851707
"dww","dww-x-bible.csv",50000,5.569554507586
"dob","dob-x-bible.csv",50000,5.7918755258074
"deu","deu-x-bible-greber.csv",50000,6.62713663338388
"dug","dug-x-bible.csv",50000,6.28092773170912
"eng","eng-x-bible-lexham.csv",50000,5.22334537366664
"djk","djk-x-bible.csv",50000,4.79767612298039
"deu","deu-x-bible-luther1545.csv",50000,6.29867397800576
"eng","eng-x-bible-scriptures.csv",50000,5.24921141176199
"dtp","dtp-x-bible.csv",50000,5.01613857959341
"deu","deu-x-bible-textbibel.csv",50000,6.57838650577872
"dur","dur-x-bible.csv",50000,4.92924948680407
"dgi","dgi-x-bible.csv",50000,4.73099689801927
"dje","dje-x-bible.csv",50000,5.03850123890529
"dip","dip-x-bible.csv",50000,5.59163029478266
"deu","deu-x-bible-tafelbibel.csv",50000,6.12657774682116
"deu","deu-x-bible-zuercher.csv",50000,6.38728021975553
"ell","ell-x-bible-hellenic2.csv",50000,6.18048936344672
"dik","dik-x-bible.csv",50000,5.35576295789649
"eng","eng-x-bible-amplified.csv",50000,5.81785183660899
"deu","deu-x-bible-elberfelder1871.csv",50000,6.02929382287689
"eng","eng-x-bible-common.csv",50000,5.49853338859477
"emi","emi-x-bible.csv",50000,5.58183789957019
"dgr","dgr-x-bible.csv",50000,6.572788121805
"eng","eng-x-bible-contemporary.csv",50000,5.17796415418666
"dop","dop-x-bible.csv",50000,5.38673529321242
"dyu","dyu-x-bible.csv",50000,4.88660641666484
"eng","eng-x-bible-catholic.csv",50000,5.36367980692484
"esi","esi-x-bible.csv",50000,9.06999907710757
"emp","emp-x-bible.csv",50000,5.90584635716577
"dnj","dnj-x-bible-eastern.csv",50000,4.93156987786272
"dig","dig-x-bible.csv",50000,6.5456845108647
"ell","ell-x-bible-newworld.csv",50000,6.00642209373894
"dyo","dyo-x-bible.csv",50000,6.59653855324717
"eka","eka-x-bible.csv",50000,5.32966579138186
"fal","fal-x-bible.csv",50000,5.0318365168529
"eng","eng-x-bible-clontz.csv",50000,5.27687695032672
"eng","eng-x-bible-basic.csv",50000,4.83114268742985
"ell","ell-x-bible-koine1894.csv",50000,6.70855987416539
"dyi","dyi-x-bible.csv",50000,4.63135549147497
"ell","ell-x-bible-modern2009.csv",50000,6.06939094664227
"eng","eng-x-bible-literal.csv",50000,5.325006691547
"ebk","ebk-x-bible.csv",50000,5.38499248973392
"eng","eng-x-bible-world.csv",50000,5.3796167200876
"eng","eng-x-bible-newworld2013.csv",50000,5.63938141803053
"ell","ell-x-bible-karalis.csv",50000,6.09565295895333
"eko","eko-x-bible.csv",50000,7.31682044749878
"enb","enb-x-bible.csv",50000,6.30661780942815
"eng","eng-x-bible-newreaders.csv",50000,5.1331820109303
"dgc","dgc-x-bible.csv",50000,4.96355534247632
"eng","eng-x-bible-worldwide.csv",50000,4.82071513932112
"ell","ell-x-bible-unidentified.csv",50000,6.25709051953502
"eng","eng-x-bible-newsimplified.csv",50000,5.95126607201378
"eng","eng-x-bible-standard.csv",50000,5.25116397011204
"eng","eng-x-bible-easytoread.csv",50000,5.07397759025158
"fin","fin-x-bible-newworld.csv",50000,7.33179937839522
"ell","ell-x-bible-karalis2.csv",50000,6.06352447060214
"eng","eng-x-bible-diaglot.csv",50000,5.35133176676269
"eng","eng-x-bible-newinternational.csv",50000,5.3053674482352
"eng","eng-x-bible-goodnews.csv",50000,5.23303474452906
"eng","eng-x-bible-treeoflife.csv",50000,5.48619410090321
"fra","fra-x-bible-nouvellesegond.csv",50000,5.86797782266801
"eng","eng-x-bible-riverside.csv",50000,5.55023185151767
"eng","eng-x-bible-new2007.csv",50000,5.34375209974441
"eng","eng-x-bible-darby.csv",50000,5.43165288308604
"esk","esk-x-bible.csv",50000,9.58056217442596
"eng","eng-x-bible-etheridge.csv",50000,5.45522931779688
"eng","eng-x-bible-newcentury.csv",50000,5.11992294972303
"fij","fij-x-bible-1974.csv",50000,4.5061297671167
"faa","faa-x-bible.csv",50000,5.97747103426668
"eng","eng-x-bible-montgomery.csv",50000,5.79246204539982
"eng","eng-x-bible-kingjames.csv",50000,5.43123996813244
"fij","fij-x-bible-bau.csv",50000,5.03004914861761
"eng","eng-x-bible-newworld1984.csv",50000,5.5573627015169
"eus","eus-x-bible-navarrolabourdin.csv",50000,6.95662581177746
"ewe","ewe-x-bible.csv",50000,6.10691630738278
"efi","efi-x-bible-newworld.csv",50000,5.92730356051438
"enm","enm-x-bible-geneva.csv",50000,5.5696790346876
"fao","fao-x-bible.csv",50000,6.44915259298744
"eng","eng-x-bible-majority.csv",50000,5.36144403534396
"enm","enm-x-bible-coverdale.csv",50000,5.63735244278828
"eng","eng-x-bible-newliving.csv",50000,5.34529628024812
"fuh","fuh-x-bible.csv",50000,6.0834424364613
"epo","epo-x-bible.csv",50000,5.88132519770422
"eus","eus-x-bible-batua.csv",50000,6.69466865108219
"enm","enm-x-bible-bishop.csv",50000,5.61186498338296
"ffm","ffm-x-bible.csv",50000,6.04234900504468
"geb","geb-x-bible.csv",50000,5.35610633149392
"est","est-x-bible-newworld2009.csv",50000,6.60943913068956
"fai","fai-x-bible.csv",50000,5.93249750801967
"fon","fon-x-bible.csv",50000,5.09756655501568
"enm","enm-x-bible-tyndale.csv",50000,5.90957293881063
"fra","fra-x-bible-perret.csv",50000,6.20816439267404
"etr","etr-x-bible.csv",50000,6.20119619261193
"fra","fra-x-bible-louissegond.csv",50000,6.07594472923069
"est","est-x-bible-1997.csv",50000,6.93897272551394
"fra","fra-x-bible-pirotclamer.csv",50000,6.27576423369468
"ewe","ewe-x-bible-newworld.csv",50000,5.62102949293169
"fra","fra-x-bible-jerusalem2004.csv",50000,6.37768056280497
"fra","fra-x-bible-geneve1669.csv",50000,5.86606132639257
"ese","ese-x-bible.csv",50000,5.28865312553582
"est","est-x-bible-1968.csv",50000,7.0035387207838
"fij","fij-x-bible-newworld.csv",50000,5.17048978213868
"fra","fra-x-bible-ostervald1867.csv",50000,6.06078052060923
"fil","fil-x-bible-1905.csv",50000,5.52549968301764
"eus","eus-x-bible-Hautin1571.csv",50000,6.96438752631562
"gmv","gmv-x-bible-geez.csv",50000,7.37240525889524
"eng","eng-x-bible-godsword.csv",50000,5.28316086648738
"fij","fij-x-bible-hindi.csv",50000,4.68395796600224
"fra","fra-x-bible-crampon.csv",50000,6.29718492813104
"fin","fin-x-bible-1933.csv",50000,7.27657762840456
"fra","fra-x-bible-davidmartin.csv",50000,5.99731410733155
"fra","fra-x-bible-paroledevie.csv",50000,5.99742457167051
"ghs","ghs-x-bible.csv",50000,6.56485484886481
"grc","grc-x-bible-textusreceptusVAR1.csv",50000,6.526401018808
"fil","fil-x-bible-2005.csv",50000,5.70808980682741
"fra","fra-x-bible-newworld.csv",50000,6.02365071087789
"fuv","fuv-x-bible.csv",50000,5.72682533488432
"gdn","gdn-x-bible.csv",50000,5.21578332451259
"fra","fra-x-bible-darby.csv",50000,5.85243879076141
"gil","gil-x-bible.csv",50000,5.01604465373101
"fra","fra-x-bible-semeur.csv",50000,6.04245202723578
"for","for-x-bible.csv",50000,7.07433903452979
"fra","fra-x-bible-kingjames.csv",50000,5.97271416598121
"fra","fra-x-bible-despeuples.csv",50000,6.30932065692044
"fra","fra-x-bible-courant1997.csv",50000,5.6970414714095
"gag","gag-x-bible-latin.csv",50000,6.95110314408384
"gej","gej-x-bible.csv",50000,5.38880309676127
"fra","fra-x-bible-zadockahn.csv",50000,6.68042760581714
"gbo","gbo-x-bible.csv",50000,5.33360834399447
"gug","gug-x-bible-newworld.csv",50000,6.28878225792443
"fin","fin-x-bible-1992.csv",50000,7.608661090447
"fue","fue-x-bible.csv",50000,6.63768574539112
"enm","enm-x-bible-wycliffe.csv",50000,5.55872554396576
"fra","fra-x-bible-segond21.csv",50000,5.72377944566757
"glk","glk-x-bible.csv",16665,6.11690105759964
"grc","grc-x-bible-unaccented.csv",50000,6.47601350131018
"gam","gam-x-bible.csv",50000,4.93653587110032
"fry","fry-x-bible.csv",50000,5.82532004079237
"grc","grc-x-bible-combined2005.csv",50000,6.57806740553271
"gfk","gfk-x-bible.csv",50000,4.62502978933363
"gmv","gmv-x-bible-latin.csv",50000,7.47803893091556
"gla","gla-x-bible.csv",15541,5.92221468157315
"gux","gux-x-bible.csv",50000,4.91802032141401
"gbi","gbi-x-bible.csv",50000,5.04492205078185
"grc","grc-x-bible-wescotthortVAR1.csv",50000,6.64072247727359
"gdr","gdr-x-bible.csv",50000,5.45140718270446
"gnn","gnn-x-bible.csv",50000,7.00401503917867
"gah","gah-x-bible.csv",50000,6.30609157002995
"gaa","gaa-x-bible-newworld.csv",50000,5.54825937120936
"gaw","gaw-x-bible.csv",50000,5.28350789648065
"gkn","gkn-x-bible.csv",50000,4.80942850484458
"gag","gag-x-bible.csv",50000,6.94316460539963
"grc","grc-x-bible-textusreceptusVAR2.csv",50000,6.52216794390113
"gde","gde-x-bible.csv",50000,5.31020560398057
"gkp","gkp-x-bible.csv",50000,5.94441211591212
"hae","hae-x-bible.csv",50000,6.87593506871868
"grc","grc-x-bible-accented.csv",50000,6.57295050083504
"giz","giz-x-bible.csv",50000,5.78105011197981
"fin","fin-x-bible-1766.csv",50000,7.12030969455011
"gud","gud-x-bible.csv",50000,5.48949697284473
"gof","gof-x-bible.csv",50000,7.21626569327501
"fuf","fuf-x-bible.csv",50000,5.74468558512984
"gur","gur-x-bible-ninkare.csv",50000,4.84590845206285
"grc","grc-x-bible-tischendorf.csv",50000,6.66221121506455
"gub","gub-x-bible.csv",50000,5.50806860468108
"gvf","gvf-x-bible.csv",50000,4.97751295214662
"guk","guk-x-bible.csv",50000,6.83964914705982
"gor","gor-x-bible.csv",50000,6.16792282534368
"gog","gog-x-bible.csv",50000,6.71867519585049
"grt","grt-x-bible.csv",50000,6.91797039240024
"gvl","gvl-x-bible.csv",50000,5.25332883514065
"grc","grc-x-bible-ecumenical.csv",50000,6.68578017550231
"guh","guh-x-bible.csv",50000,6.33557170441459
"gnd","gnd-x-bible.csv",50000,4.68681242349304
"hbo","hbo-x-bible-leningradunicodeconsonants.csv",50000,8.12021751649711
"gnw","gnw-x-bible.csv",50000,4.77178152177043
"guz","guz-x-bible.csv",50000,7.63515342401974
"grc","grc-x-bible-byzantine.csv",50000,6.53541613341859
"guq","guq-x-bible.csv",50000,5.80765925378298
"grc","grc-x-bible-wescotthortVAR2.csv",50000,6.63310488417515
"gyr","gyr-x-bible-2002.csv",50000,5.97553509038126
"hil","hil-x-bible-newworld2014.csv",50000,5.31710142210717
"fub","fub-x-bible.csv",50000,6.05991107407805
"gso","gso-x-bible.csv",50000,4.82869416161396
"gng","gng-x-bible.csv",50000,4.89909017922031
"hch","hch-x-bible.csv",50000,7.87729952650102
"gum","gum-x-bible.csv",50000,6.43027393711842
"glv","glv-x-bible.csv",50000,5.64662831133167
"hbo","hbo-x-bible-leningradconsonants.csv",50000,8.11839952179926
"hat","hat-x-bible-1999.csv",50000,5.30154331393593
"gvc","gvc-x-bible.csv",50000,5.73631203570426
"gym","gym-x-bible.csv",50000,5.27968735273207
"gwi","gwi-x-bible.csv",50000,6.30512939625922
"guo","guo-x-bible.csv",50000,6.5669544380094
"heb","heb-x-bible.csv",50000,7.67894070892165
"gun","gun-x-bible.csv",50000,5.45831161642943
"hag","hag-x-bible.csv",50000,4.71690498328665
"guw","guw-x-bible-newworld.csv",50000,5.13169372133567
"gul","gul-x-bible.csv",50000,4.83636262880594
"gur","gur-x-bible-frafra.csv",50000,5.41736761111804
"gui","gui-x-bible.csv",50000,4.77803039266988
"hot","hot-x-bible.csv",50000,4.7703855875218
"hbo","hbo-x-bible-leningradunicode.csv",50000,7.69745268554502
"gvn","gvn-x-bible.csv",50000,6.72337797488258
"hay","hay-x-bible.csv",50000,7.83193669139894
"hat","hat-x-bible-newworld2015.csv",42578,5.09110878549727
"hil","hil-x-bible.csv",50000,5.39800607205231
"guj","guj-x-bible.csv",50000,7.17526156210611
"hrv","hrv-x-bible-newworld.csv",50000,6.82747903232539
"hns","hns-x-bible.csv",50000,5.43906836130948
"gle","gle-x-bible.csv",50000,6.28256792313287
"hun","hun-x-bible-newworld.csv",50000,7.40931706996795
"gya","gya-x-bible.csv",50000,5.60401793333332
"hin","hin-x-bible-newworld.csv",50000,5.70994202429398
"heg","heg-x-bible.csv",50000,5.51883676449839
"hif","hif-x-bible.csv",50000,5.45031610646746
"hto","hto-x-bible.csv",50000,6.91800927835008
"haw","haw-x-bible.csv",50000,4.54230499583007
"hau","hau-x-bible.csv",50000,5.44840203819246
"gug","gug-x-bible.csv",50000,6.13205651615281
"hin","hin-x-bible-bsi.csv",50000,5.9176653062897
"hbo","hbo-x-bible-aleppo.csv",50000,7.35508702300304
"hbo","hbo-x-bible-westminster.csv",50000,8.4189014097239
"hat","hat-x-bible-newworld2007.csv",50000,4.93407729789161
"hbo","hbo-x-bible-leningrad.csv",50000,10.288358789925
"ifb","ifb-x-bible.csv",50000,6.00894722328787
"iba","iba-x-bible.csv",50000,5.02850049160617
"heb","heb-x-bible-newworld.csv",50000,7.26090723805415
"hlt","hlt-x-bible.csv",50000,5.21496362132917
"hye","hye-x-bible-western.csv",50000,6.75985473929131
"hun","hun-x-bible-2012.csv",50000,6.88330460926132
"hak","hak-x-bible.csv",50000,5.52783724828083
"hne","hne-x-bible.csv",50000,5.68902904456758
"hat","hat-x-bible-1985.csv",50000,5.25017603174774
"hrv","hrv-x-bible-2000.csv",50000,6.76310496347541
"heh","heh-x-bible.csv",50000,7.64753901467987
"hun","hun-x-bible-2003.csv",50000,7.07920457776305
"ilo","ilo-x-bible.csv",50000,6.20015393279474
"hub","hub-x-bible-2010.csv",50000,6.99460228542622
"hmo","hmo-x-bible.csv",50000,4.88823136915176
"huu","huu-x-bible.csv",50000,5.76060563958776
"hmo","hmo-x-bible-newworld.csv",50000,4.53190483812631
"gyr","gyr-x-bible-urubicha.csv",50000,6.04415964030305
"hun","hun-x-bible-revised.csv",50000,7.02838397752272
"ifk","ifk-x-bible.csv",50000,5.46436625038579
"hnn","hnn-x-bible.csv",50000,5.46561788012221
"hrv","hrv-x-bible-complete.csv",50000,7.3598407550583
"hla","hla-x-bible.csv",50000,4.98187684227411
"guc","guc-x-bible.csv",50000,5.61499318960186
"ind","ind-x-bible-terjemahanlama.csv",50000,5.60497284116347
"hop","hop-x-bible.csv",50000,6.55617146698484
"ipi","ipi-x-bible.csv",50000,5.40477351194334
"hin","hin-x-bible-easy.csv",50000,6.01001875425411
"ind","ind-x-bible-suciinjil.csv",50000,6.32779108462133
"hvn","hvn-x-bible.csv",50000,4.92655402756605
"hub","hub-x-bible-1975.csv",50000,7.14229682783238
"hin","hin-x-bible-latin.csv",50000,5.93069222602525
"hye","hye-x-bible-latin.csv",50000,6.65700878646582
"ibo","ibo-x-bible.csv",50000,5.61424369803912
"ify","ify-x-bible.csv",50000,6.04864072117903
"ike","ike-x-bible.csv",50000,9.62879630749529
"ign","ign-x-bible-2004.csv",50000,6.77999733484144
"ita","ita-x-bible-nuovariveduta.csv",50000,6.13423060212968
"hui","hui-x-bible.csv",50000,5.80031647846324
"imo","imo-x-bible.csv",50000,6.01154187879793
"hye","hye-x-bible-eastern.csv",50000,7.31292628806835
"hwc","hwc-x-bible-2000.csv",50000,4.60121300489604
"ilo","ilo-x-bible-newworld.csv",50000,5.98961928847575
"iri","iri-x-bible.csv",50000,4.74628663958738
"hye","hye-x-bible-newworld.csv",50000,7.10164152393781
"hil","hil-x-bible-newworld2007.csv",50000,5.16723355489814
"huv","huv-x-bible.csv",50000,5.69309384040258
"ibo","ibo-x-bible-newworld.csv",50000,5.68317775933663
"jae","jae-x-bible.csv",50000,5.46095646831334
"izr","izr-x-bible.csv",50000,5.23649610697415
"ian","ian-x-bible.csv",50000,5.82271173242105
"gyr","gyr-x-bible-1985.csv",50000,5.79428429324091
"jav","jav-x-bible-1994.csv",50000,6.716753501095
"ind","ind-x-bible-bouma.csv",50000,6.256956800045
"hus","hus-x-bible-veracruz.csv",50000,5.13477074821981
"iry","iry-x-bible.csv",50000,5.5038008013237
"ita","ita-x-bible-newworld.csv",50000,6.20640031851204
"ino","ino-x-bible.csv",50000,6.44862085475109
"ita","ita-x-bible-2009.csv",50000,6.46942361950573
"ind","ind-x-bible-kabarbaik.csv",50000,5.64108476327843
"hus","hus-x-bible-sanluispotosi.csv",50000,4.92020493821003
"ium","ium-x-bible-lao.csv",50000,4.73136290949249
"kab","kab-x-bible.csv",50000,6.76224131910567
"ind","ind-x-bible-firman.csv",50000,6.21493465518701
"ifu","ifu-x-bible.csv",50000,4.93524563701585
"ign","ign-x-bible-1980.csv",50000,6.60621457523277
"ind","ind-x-bible-easy2005.csv",50000,5.93663248459212
"jav","jav-x-bible-2006.csv",50000,6.30559909013694
"ind","ind-x-bible-newworld.csv",50000,6.10210351852477
"ita","ita-x-bible-riveduta.csv",50000,6.2662255742271
"hun","hun-x-bible-karoli.csv",50000,7.30789334629893
"iou","iou-x-bible.csv",50000,6.65667035740829
"kbh","kbh-x-bible.csv",50000,6.43992419661504
"inb","inb-x-bible.csv",50000,6.22534649729825
"kaz","kaz-x-bible-newworld1984.csv",50000,7.38060913538713
"kbq","kbq-x-bible.csv",50000,8.33716596579089
"ilo","ilo-x-bible-revised.csv",50000,6.04978332718917
"ind","ind-x-bible-terjemahanbaru.csv",50000,6.25506032833904
"ium","ium-x-bible-latinnew.csv",50000,5.15756626380147
"jvn","jvn-x-bible.csv",50000,5.62196540902044
"jmc","jmc-x-bible.csv",50000,7.09361061577779
"ilo","ilo-x-bible-popular.csv",50000,6.47563174021973
"kan","kan-x-bible.csv",50000,8.02480425019906
"jic","jic-x-bible.csv",50000,5.09899337424607
"jam","jam-x-bible.csv",50000,4.88470975836863
"ixl","ixl-x-bible-2001.csv",50000,5.5988118365073
"iws","iws-x-bible.csv",50000,6.08622553179307
"irk","irk-x-bible.csv",50000,6.44821088236962
"hig","hig-x-bible.csv",50000,4.63689477467767
"ken","ken-x-bible.csv",50000,6.04133121567218
"ium","ium-x-bible-thai.csv",50000,4.73592970761679
"isl","isl-x-bible.csv",50000,6.11603082446244
"kbr","kbr-x-bible.csv",50000,6.73452244424489
"kac","kac-x-bible-common.csv",50000,4.71602533217958
"ixl","ixl-x-bible-nebaj.csv",50000,4.85637339929758
"jav","jav-x-bible-1981.csv",50000,6.61692270021416
"ikw","ikw-x-bible.csv",50000,5.2526421553349
"kin","kin-x-bible-2012.csv",50000,7.44538605896303
"kik","kik-x-bible-newworld.csv",50000,6.32682814421854
"kjb","kjb-x-bible.csv",50000,5.51247473823568
"ium","ium-x-bible-latin.csv",50000,4.62489297433665
"itv","itv-x-bible.csv",50000,4.78487999902502
"kan","kan-x-bible-newworld.csv",50000,7.70789357938822
"kdj","kdj-x-bible.csv",50000,6.25276182349607
"ita","ita-x-bible-vita1997.csv",50000,6.61563899752657
"jac","jac-x-bible.csv",50000,5.61744901337883
"kek","kek-x-bible-1988.csv",50000,5.54244333263036
"kgf","kgf-x-bible.csv",50000,6.71209830011818
"kde","kde-x-bible.csv",50000,7.33927630515296
"kbm","kbm-x-bible.csv",50000,4.87566565931307
"kaq","kaq-x-bible.csv",50000,7.00128460823841
"kat","kat-x-bible.csv",50000,6.85029121988848
"jbu","jbu-x-bible.csv",50000,5.4020776858035
"hun","hun-x-bible-2005.csv",50000,7.36921902624499
"kao","kao-x-bible.csv",50000,4.99128877921291
"jiv","jiv-x-bible.csv",50000,7.77964541460365
"klv","klv-x-bible.csv",50000,5.87745932220828
"kew","kew-x-bible.csv",50000,6.77069675546903
"kje","kje-x-bible.csv",50000,5.5401810684346
"kaz","kaz-x-bible.csv",50000,7.68458444559493
"knf","knf-x-bible.csv",50000,6.57811450812954
"knj","knj-x-bible.csv",50000,4.9076713493936
"kbp","kbp-x-bible.csv",50000,5.92809876917519
"kan","kan-x-bible-latin.csv",50000,8.02546614229342
"ita","ita-x-bible-nuovadiodati1991.csv",50000,6.36779937136375
"kki","kki-x-bible.csv",50000,7.62373565303958
"kgp","kgp-x-bible.csv",50000,4.40541409723878
"knv","knv-x-bible-aramia.csv",50000,6.00870487437783
"kjs","kjs-x-bible.csv",50000,6.2758203371592
"kmh","kmh-x-bible-minimib.csv",50000,4.9820075119512
"kal","kal-x-bible.csv",50000,9.72416521162324
"kbc","kbc-x-bible.csv",50000,6.59151931813758
"kkl","kkl-x-bible.csv",50000,7.11172949583262
"kac","kac-x-bible-hanson.csv",50000,4.82061328948866
"khz","khz-x-bible.csv",50000,6.15951019340093
"kin","kin-x-bible-newworld.csv",50000,7.2459770045503
"kdc","kdc-x-bible.csv",50000,6.39987777167301
"kia","kia-x-bible.csv",50000,4.9576084990782
"khk","khk-x-bible.csv",50000,7.01720063538676
"ika","ika-x-bible.csv",50000,5.52956539845823
"kma","kma-x-bible.csv",50000,5.12094008185253
"kpf","kpf-x-bible.csv",50000,6.1184245483374
"kdi","kdi-x-bible.csv",50000,5.33288127325649
"krc","krc-x-bible.csv",50000,6.74181719112896
"kik","kik-x-bible-2007.csv",50000,6.93309099805029
"knv","knv-x-bible-fly.csv",50000,5.9952792263176
"kgk","kgk-x-bible.csv",50000,6.04381590554336
"kmo","kmo-x-bible.csv",50000,5.86807078079181
"kaa","kaa-x-bible.csv",50000,6.85416292675675
"kqw","kqw-x-bible.csv",50000,4.28398872309369
"kir","kir-x-bible-newworld.csv",50000,7.12047135211385
"kff","kff-x-bible.csv",50000,7.28802036564698
"kor","kor-x-bible-latinscript.csv",50000,7.68919079077382
"ksd","ksd-x-bible.csv",50000,4.64075453448276
"kez","kez-x-bible.csv",50000,6.21950919759303
"kor","kor-x-bible-newworld1999.csv",50000,7.60274754126773
"kpv","kpv-x-bible.csv",50000,6.6847776258096
"kor","kor-x-bible-revised.csv",50000,7.97019065541848
"kin","kin-x-bible-2004.csv",50000,7.09283479817093
"kjh","kjh-x-bible.csv",50000,7.29847296553308
"kms","kms-x-bible.csv",50000,4.68923231715957
"kmr","kmr-x-bible.csv",50000,5.67245813671121
"kpg","kpg-x-bible.csv",50000,4.97645940013705
"ita","ita-x-bible-diodati.csv",50000,6.12647803738243
"kmu","kmu-x-bible.csv",50000,6.83574803669453
"knk","knk-x-bible.csv",50000,5.00217983162805
"kud","kud-x-bible.csv",50000,6.39896887332372
"kqf","kqf-x-bible.csv",15133,5.78309189869306
"kkc","kkc-x-bible.csv",50000,5.49441816904744
"ksf","ksf-x-bible.csv",50000,5.77244016796779
"kyf","kyf-x-bible.csv",50000,5.24393446427734
"kxm","kxm-x-bible.csv",50000,5.01511570087269
"kmh","kmh-x-bible-kalam.csv",50000,5.41123864957551
"ktj","ktj-x-bible.csv",50000,4.68463381951562
"kmg","kmg-x-bible.csv",50000,7.13270630969344
"kno","kno-x-bible.csv",50000,4.45960985695824
"kmk","kmk-x-bible.csv",50000,5.84244455500778
"kus","kus-x-bible.csv",50000,5.41314306757935
"kpx","kpx-x-bible.csv",50000,5.82430711702694
"kss","kss-x-bible.csv",50000,5.31463541313685
"kyu","kyu-x-bible.csv",50000,5.88887829694694
"kek","kek-x-bible-2005.csv",50000,5.94966580170535
"kua","kua-x-bible.csv",50000,6.61869711477834
"kng","kng-x-bible.csv",50000,6.19935690995542
"kne","kne-x-bible.csv",50000,5.17162465337921
"klt","klt-x-bible.csv",19678,5.92509103634519
"kor","kor-x-bible-1985.csv",50000,7.23712770831707
"kpz","kpz-x-bible.csv",50000,6.2909917756007
"kue","kue-x-bible.csv",50000,5.73013305852847
"jra","jra-x-bible.csv",50000,4.81131828864622
"kqc","kqc-x-bible.csv",50000,5.0171840386213
"lav","lav-x-bible-1997.csv",50000,6.70939533448005
"kwj","kwj-x-bible.csv",50000,5.39089070100566
"kri","kri-x-bible.csv",50000,4.55250555870075
"kyz","kyz-x-bible.csv",50000,5.44410267349028
"kor","kor-x-bible-new.csv",50000,7.31526569637816
"kpj","kpj-x-bible.csv",50000,7.61730120971302
"ldi","ldi-x-bible.csv",50000,6.44859337851434
"laj","laj-x-bible.csv",50000,5.66504511675691
"kwd","kwd-x-bible.csv",50000,4.7689492757864
"krj","krj-x-bible.csv",50000,5.46736112972953
"kzf","kzf-x-bible.csv",50000,5.48480867038858
"lhm","lhm-x-bible.csv",50000,5.51753827129326
"kpw","kpw-x-bible.csv",50000,4.9829540883024
"lia","lia-x-bible.csv",50000,5.00523424038747
"lat","lat-x-bible-novavulgata.csv",50000,7.38298454643503
"kqy","kqy-x-bible.csv",50000,6.74876857070726
"lif","lif-x-bible-devanagari.csv",50000,5.86819667940207
"ksr","ksr-x-bible.csv",50000,6.88844905763306
"kpr","kpr-x-bible.csv",50000,5.42864889421051
"lav","lav-x-bible-jaunaderiba.csv",50000,6.75953388149626
"kqp","kqp-x-bible.csv",50000,4.8333159544974
"kwi","kwi-x-bible.csv",50000,6.94231178857737
"kdl","kdl-x-bible.csv",50000,4.95211182764988
"kos","kos-x-bible.csv",50000,5.0808187025322
"kwf","kwf-x-bible.csv",50000,4.71071307293832
"luo","luo-x-bible.csv",50000,7.08381068317333
"leu","leu-x-bible.csv",50000,4.89742021909746
"kyg","kyg-x-bible.csv",50000,6.7287646011067
"ktb","ktb-x-bible.csv",50000,7.87798854306894
"lin","lin-x-bible-newworld.csv",50000,5.3931186899323
"kum","kum-x-bible.csv",50000,7.70651065349049
"maa","maa-x-bible-sanantonio.csv",50000,6.15718913918121
"lob","lob-x-bible.csv",50000,5.83614027294036
"lbb","lbb-x-bible.csv",18883,4.87442356086058
"mak","mak-x-bible.csv",50000,6.4486139008279
"kvn","kvn-x-bible.csv",50000,7.109059122527
"lef","lef-x-bible.csv",50000,6.05694207397863
"lsi","lsi-x-bible.csv",50000,5.52938473279279
"mam","mam-x-bible-central.csv",50000,5.94626224867749
"lit","lit-x-bible-tikejimozodis.csv",50000,7.45794259506553
"kyc","kyc-x-bible.csv",50000,5.94721207082302
"kxc","kxc-x-bible.csv",50000,6.71787330624336
"kyq","kyq-x-bible.csv",50000,5.16881925244528
"mam","mam-x-bible-todossantos.csv",50000,6.00314291003217
"lus","lus-x-bible.csv",50000,5.11243873391265
"kup","kup-x-bible.csv",50000,5.89870770012095
"kze","kze-x-bible.csv",50000,6.83486069876229
"kub","kub-x-bible.csv",50000,5.10354068568406
"lem","lem-x-bible.csv",50000,5.44826134546545
"leh","leh-x-bible.csv",50000,7.19767189357583
"kkj","kkj-x-bible.csv",50000,4.77343150945583
"mbf","mbf-x-bible.csv",50000,5.29072980282641
"lid","lid-x-bible.csv",50000,5.48412483348024
"lac","lac-x-bible.csv",50000,5.22504258464637
"maq","maq-x-bible.csv",50000,5.09329418161941
"mai","mai-x-bible.csv",50000,5.62236479154888
"mco","mco-x-bible.csv",50000,6.4740958850254
"lvs","lvs-x-bible.csv",50000,6.75580373951163
"mbt","mbt-x-bible.csv",50000,5.0373283679253
"maw","maw-x-bible.csv",50000,5.10101396274059
"med","med-x-bible.csv",50000,5.1861381773372
"mbb","mbb-x-bible.csv",50000,5.10531543868523
"maa","maa-x-bible-tecoatl.csv",50000,5.62592360043805
"mau","mau-x-bible.csv",50000,4.98036286054735
"lee","lee-x-bible.csv",50000,4.66191435332919
"mbh","mbh-x-bible.csv",50000,4.71194879242324
"lhu","lhu-x-bible.csv",50000,3.96363853012347
"lif","lif-x-bible-2009.csv",50000,7.17033346262566
"lex","lex-x-bible.csv",50000,6.69666129411748
"lbk","lbk-x-bible.csv",50000,6.32516721871059
"lip","lip-x-bible.csv",50000,6.15186781195957
"lat","lat-x-bible-vulgataclementina.csv",50000,7.42891247910696
"mah","mah-x-bible.csv",50000,5.33204022639165
"mcu","mcu-x-bible.csv",50000,4.77406664284123
"mad","mad-x-bible.csv",50000,5.79427619560733
"kor","kor-x-bible-newworld2014.csv",50000,7.56588305839097
"mfq","mfq-x-bible.csv",50000,5.06569006422956
"ljp","ljp-x-bible.csv",50000,5.68290268416164
"mam","mam-x-bible-northern.csv",50000,5.94681566011215
"mck","mck-x-bible.csv",50000,6.60678036281864
"mig","mig-x-bible.csv",50000,5.69216225562371
"mee","mee-x-bible.csv",50000,4.66151797336648
"miq","miq-x-bible.csv",50000,5.39277215426717
"mhl","mhl-x-bible.csv",50000,5.65868494349582
"mfh","mfh-x-bible.csv",50000,5.42907622266691
"meq","meq-x-bible.csv",50000,4.61170657933285
"mfy","mfy-x-bible.csv",50000,7.06979861048833
"mek","mek-x-bible.csv",50000,5.79661005651098
"mbj","mbj-x-bible.csv",50000,4.73400320895473
"mam","mam-x-bible-southern.csv",50000,6.8640696299402
"mar","mar-x-bible.csv",50000,7.16053711910417
"maa","maa-x-bible-sanjeronimo.csv",50000,5.76192384281946
"mal","mal-x-bible.csv",50000,8.23565890175581
"mcf","mcf-x-bible.csv",50000,7.02901974971375
"lwo","lwo-x-bible.csv",50000,5.66148762086162
"lsm","lsm-x-bible.csv",50000,7.21763923187064
"mcb","mcb-x-bible.csv",50000,6.92012081089335
"mcd","mcd-x-bible.csv",50000,6.80082092675365
"maj","maj-x-bible.csv",50000,5.35690201030301
"mil","mil-x-bible.csv",50000,5.32616413203804
"kto","kto-x-bible.csv",50000,5.3795931762221
"mav","mav-x-bible.csv",50000,5.87695765424158
"mda","mda-x-bible.csv",50000,4.74212366198092
"moc","moc-x-bible.csv",50000,6.11853558178834
"mir","mir-x-bible.csv",50000,6.55912816622217
"mmx","mmx-x-bible.csv",50000,5.43526306399127
"mos","mos-x-bible-protestant.csv",50000,5.65247397163337
"mlp","mlp-x-bible.csv",50000,5.20015072928591
"mlt","mlt-x-bible.csv",50000,6.74053802487515
"mdy","mdy-x-bible.csv",50000,7.1747073387084
"mkd","mkd-x-bible-2004.csv",50000,6.26042542803826
"mks","mks-x-bible.csv",50000,4.83554807953009
"mie","mie-x-bible.csv",50000,4.42375666630402
"miz","miz-x-bible.csv",50000,5.20217040466205
"mej","mej-x-bible.csv",50000,4.82411681788953
"mca","mca-x-bible.csv",50000,6.06343848984824
"mfz","mfz-x-bible.csv",50000,5.32640967077504
"mbl","mbl-x-bible.csv",50000,5.36290245465592
"mcq","mcq-x-bible.csv",50000,6.76853003057774
"mhy","mhy-x-bible.csv",50000,5.51790763695922
"mbc","mbc-x-bible.csv",50000,6.0766865833586
"mcn","mcn-x-bible.csv",50000,6.0709984447193
"mhx","mhx-x-bible.csv",50000,4.97971033867288
"mop","mop-x-bible.csv",50000,4.81363945082764
"mib","mib-x-bible.csv",50000,4.59039891884775
"las","las-x-bible.csv",50000,5.14326308697435
"mtp","mtp-x-bible.csv",50000,6.09565057590337
"mox","mox-x-bible.csv",50000,5.8079307551689
"min","min-x-bible.csv",50000,5.60509267358281
"msa","msa-x-bible-shellabear.csv",50000,5.83838764453443
"men","men-x-bible.csv",50000,5.72300794180161
"mio","mio-x-bible.csv",50000,4.19751043186638
"mva","mva-x-bible.csv",50000,5.91442931450884
"mri","mri-x-bible.csv",50000,4.82560578079994
"mnk","mnk-x-bible.csv",50000,4.82045471119616
"mrw","mrw-x-bible.csv",50000,5.19420048066738
"mpx","mpx-x-bible.csv",50000,5.60086682743253
"mqj","mqj-x-bible.csv",50000,6.09472679805066
"mhr","mhr-x-bible.csv",50000,6.89751094960372
"mps","mps-x-bible.csv",50000,5.41248002345819
"mwf","mwf-x-bible.csv",12637,5.60410802029656
"mit","mit-x-bible.csv",50000,5.98871965855075
"mlt","mlt-x-bible-newworld.csv",50000,6.94663426591741
"mhi","mhi-x-bible.csv",50000,5.46809383308987
"mih","mih-x-bible.csv",50000,4.38202158432516
"mnf","mnf-x-bible.csv",50000,5.26170122581242
"mnb","mnb-x-bible.csv",50000,6.56720570528116
"mif","mif-x-bible.csv",50000,4.69574213174691
"mur","mur-x-bible.csv",50000,5.90140349295233
"mfi","mfi-x-bible.csv",50000,5.28889361639679
"loz","loz-x-bible.csv",50000,5.59612205720315
"mnh","mnh-x-bible.csv",50000,4.70761830027474
"myu","myu-x-bible.csv",50000,6.11413203039383
"mos","mos-x-bible-catholic.csv",50000,6.06678349360319
"mvp","mvp-x-bible.csv",50000,5.63027527073295
"naf","naf-x-bible.csv",50000,6.7354806190663
"mzl","mzl-x-bible.csv",50000,5.73976017795042
"mor","mor-x-bible.csv",50000,6.25920660055266
"mjc","mjc-x-bible.csv",50000,4.55485484870581
"mtj","mtj-x-bible.csv",50000,4.80409701021363
"mxq","mxq-x-bible.csv",50000,6.35816015361466
"mwv","mwv-x-bible.csv",50000,6.02636480374198
"mna","mna-x-bible.csv",50000,5.60807277175533
"mxt","mxt-x-bible.csv",50000,4.83281344700792
"mpm","mpm-x-bible.csv",50000,4.61087522159442
"naq","naq-x-bible.csv",50000,5.96580656431955
"mxb","mxb-x-bible.csv",50000,4.80670693838688
"msa","msa-x-bible-klinkert.csv",50000,5.91781411874609
"mog","mog-x-bible.csv",50000,5.95963973537637
"mwc","mwc-x-bible.csv",26055,5.86838633517282
"mmo","mmo-x-bible.csv",50000,5.26625517945699
"mnx","mnx-x-bible.csv",50000,5.18730037626352
"mzw","mzw-x-bible.csv",50000,5.17523552239362
"msy","msy-x-bible.csv",50000,5.86428522340618
"mlh","mlh-x-bible.csv",50000,6.29929527124741
"maz","maz-x-bible.csv",50000,5.19545774539548
"mti","mti-x-bible.csv",50000,5.79455422070007
"mta","mta-x-bible.csv",50000,4.65522384605509
"nhg","nhg-x-bible.csv",50000,6.38078843519624
"ndo","ndo-x-bible.csv",50000,5.9089880413329
"nak","nak-x-bible.csv",50000,4.79571285259297
"nia","nia-x-bible.csv",50000,5.86314077774196
"mzh","mzh-x-bible.csv",50000,6.05126421122951
"ncj","ncj-x-bible.csv",50000,6.32686473834174
"nbl","nbl-x-bible.csv",50000,8.39870728177259
"ncl","ncl-x-bible.csv",50000,6.32910561817949
"mux","mux-x-bible.csv",50000,5.60194926095347
"myb","myb-x-bible.csv",50000,5.93216143666481
"nij","nij-x-bible.csv",50000,5.56479707657633
"mzz","mzz-x-bible.csv",11959,6.57494562689214
"muy","muy-x-bible.csv",50000,4.94014994908408
"msm","msm-x-bible.csv",50000,5.17628888459679
"muh","muh-x-bible.csv",50000,4.64310611317804
"nca","nca-x-bible.csv",50000,5.62242755246539
"nan","nan-x-bible.csv",50000,5.49919367921892
"mpt","mpt-x-bible.csv",50000,5.81616157524381
"msa","msa-x-bible-leydekker.csv",50000,5.5226964328302
"myw","myw-x-bible.csv",50000,6.62964237474948
"myx","myx-x-bible.csv",50000,6.87461735053017
"mqy","mqy-x-bible.csv",50000,5.91968796160351
"nhu","nhu-x-bible.csv",50000,4.85907584798643
"meu","meu-x-bible.csv",50000,5.7263565080445
"myy","myy-x-bible.csv",50000,5.89149266437129
"noa","noa-x-bible-1988.csv",50000,6.56782859941643
"mto","mto-x-bible.csv",50000,5.46344648747403
"nif","nif-x-bible.csv",50000,6.63260289812348
"nob","nob-x-bible-2011.csv",50000,5.61076721304558
"nfr","nfr-x-bible.csv",50000,4.82960811409889
"nin","nin-x-bible.csv",50000,4.87057743216499
"nmz","nmz-x-bible.csv",50000,5.4674420136968
"nld","nld-x-bible-2004.csv",50000,5.85443123208721
"nld","nld-x-bible-2007.csv",50000,5.91704568236883
"ncu","ncu-x-bible.csv",50000,4.90224064170678
"not","not-x-bible.csv",50000,7.05577113971975
"nhw","nhw-x-bible.csv",50000,6.20999308403817
"nab","nab-x-bible.csv",50000,8.44554986536406
"nlc","nlc-x-bible.csv",50000,6.16818910558377
"nii","nii-x-bible.csv",50000,5.14222002829284
"myv","myv-x-bible.csv",50000,6.99991342457611
"mwq","mwq-x-bible.csv",50000,4.72577284076206
"mzm","mzm-x-bible.csv",50000,4.50787214149848
"ndz","ndz-x-bible.csv",50000,4.44610352718128
"nds","nds-x-bible.csv",50000,6.34172605009557
"mxp","mxp-x-bible.csv",50000,6.68607503683864
"nya","nya-x-bible.csv",50000,6.92489344962864
"mkd","mkd-x-bible-dynamic.csv",50000,6.39416529056235
"neb","neb-x-bible.csv",50000,5.32685758936033
"myk","myk-x-bible.csv",50000,4.6989965927196
"nob","nob-x-bible-1985.csv",50000,5.58566407901646
"nno","nno-x-bible-student.csv",50000,5.97868521959917
"nob","nob-x-bible-newworld.csv",50000,5.885502033492
"nyo","nyo-x-bible.csv",50000,7.39750918284516
"mzk","mzk-x-bible.csv",50000,4.66481819621985
"npi","npi-x-bible-newworld.csv",50000,6.68472196059877
"nss","nss-x-bible.csv",50000,5.94506607824529
"nsn","nsn-x-bible.csv",50000,5.86777134308712
"oji","oji-x-bible.csv",50000,8.51843636659851
"nld","nld-x-bible-newworld.csv",50000,5.97961100754029
"nhy","nhy-x-bible.csv",50000,5.98691074146467
"npl","npl-x-bible-unidentified.csv",50000,6.47989296020659
"nso","nso-x-bible-2000.csv",50000,5.20991465631192
"nop","nop-x-bible.csv",50000,7.1789727035864
"nob","nob-x-bible-1988.csv",50000,5.68957649723065
"ndp","ndp-x-bible.csv",50000,6.2292051864925
"nas","nas-x-bible.csv",50000,7.15750118938908
"nno","nno-x-bible-1978.csv",50000,6.0267212765752
"nno","nno-x-bible-2011.csv",50000,5.58210396215457
"nyy","nyy-x-bible.csv",50000,7.54856770286522
"nch","nch-x-bible.csv",50000,6.1756499986565
"nhi","nhi-x-bible.csv",50000,6.02319107312364
"pan","pan-x-bible.csv",50000,6.08521577651549
"nde","nde-x-bible.csv",50000,8.39929377086051
"nnh","nnh-x-bible.csv",50000,5.63563878854295
"mqb","mqb-x-bible.csv",50000,4.66482581600529
"nya","nya-x-bible-newworld.csv",50000,7.04957917916452
"nhe","nhe-x-bible.csv",50000,6.22902677889166
"nwb","nwb-x-bible.csv",50000,5.32373233850832
"okv","okv-x-bible.csv",50000,5.34552879977654
"oss","oss-x-bible-newworld.csv",50000,6.75793878371132
"pbb","pbb-x-bible.csv",50000,7.05714951871257
"pad","pad-x-bible.csv",50000,5.92297416035129
"nob","nob-x-bible-2007.csv",50000,5.58661102875124
"nso","nso-x-bible-neworthography.csv",50000,5.40233371622219
"nnb","nnb-x-bible.csv",50000,7.17865432675703
"omw","omw-x-bible.csv",50000,6.03778638364256
"nyf","nyf-x-bible.csv",50000,6.62115218797425
"ood","ood-x-bible.csv",50000,4.92931434935612
"nim","nim-x-bible.csv",50000,7.70668628562411
"opm","opm-x-bible.csv",50000,5.7528829419877
"plw","plw-x-bible.csv",50000,6.31599860127196
"nus","nus-x-bible.csv",50000,5.39093580843347
"nvm","nvm-x-bible.csv",50000,5.55962833063204
"obo","obo-x-bible.csv",50000,4.74418267854568
"pan","pan-x-bible-newworld.csv",50000,5.46439170428335
"nld","nld-x-bible-statenvertaling.csv",50000,5.90708796372682
"nld","nld-x-bible-1951.csv",50000,6.02732827230258
"nob","nob-x-bible-1930.csv",50000,5.92022109178875
"pag","pag-x-bible-newworld.csv",50000,5.52433050218292
"mww","mww-x-bible.csv",50000,4.45700628771832
"nnw","nnw-x-bible.csv",50000,4.61093188242561
"pib","pib-x-bible.csv",50000,7.3356177421343
"ntr","ntr-x-bible.csv",50000,4.66530802815029
"poe","poe-x-bible.csv",50000,5.23263006297552
"pbi","pbi-x-bible.csv",50000,5.07734765127196
"ozm","ozm-x-bible.csv",50000,5.34884762947612
"nyn","nyn-x-bible.csv",50000,7.41017048689312
"pls","pls-x-bible.csv",50000,5.40003629195566
"ory","ory-x-bible.csv",50000,6.87602830366223
"ntp","ntp-x-bible.csv",50000,6.42354901290745
"pcm","pcm-x-bible.csv",50000,5.06783510486977
"pes","pes-x-bible-1995.csv",50000,6.55166555616974
"nou","nou-x-bible.csv",50000,5.27481866155295
"pah","pah-x-bible.csv",50000,5.79976973645701
"pes","pes-x-bible-2007.csv",50000,6.21832341911186
"ots","ots-x-bible.csv",50000,5.52624459606263
"ppo","ppo-x-bible.csv",50000,5.85322638786086
"pap","pap-x-bible-newworld.csv",50000,4.96822207189137
"nso","nso-x-bible-newworld.csv",50000,5.44117881236897
"pmf","pmf-x-bible.csv",50000,5.01925444294805
"plt","plt-x-bible-interconfessional.csv",50000,5.885863234691
"nbq","nbq-x-bible.csv",50000,5.85727194938616
"por","por-x-bible-almeidaatualizada.csv",50000,6.27149719042943
"nya","nya-x-bible-loyera.csv",50000,6.59414127525561
"prk","prk-x-bible.csv",50000,4.61031055247669
"nwi","nwi-x-bible.csv",50000,5.51433059963713
"otn","otn-x-bible.csv",50000,5.0949811052304
"otm","otm-x-bible.csv",50000,5.33303395405402
"npy","npy-x-bible.csv",50000,5.50878757834378
"pam","pam-x-bible.csv",50000,5.77111254581656
"poh","poh-x-bible-western.csv",50000,5.33576876159045
"por","por-x-bible-paratodos.csv",50000,6.41747236232629
"pes","pes-x-bible-newmillennium2011.csv",50000,6.07392495139353
"pol","pol-x-bible-covenant.csv",50000,7.19216530728265
"ote","ote-x-bible.csv",50000,5.41803374010764
"pkb","pkb-x-bible.csv",50000,6.2407811127968
"ojs","ojs-x-bible.csv",50000,7.92381561810255
"quw","quw-x-bible.csv",50000,7.20280392179628
"plt","plt-x-bible-newworld.csv",50000,6.25269440290127
"pol","pol-x-bible-gdansknew.csv",50000,6.59415872104167
"pne","pne-x-bible.csv",50000,4.85122824515447
"pol","pol-x-bible-living.csv",50000,6.67391093566104
"pis","pis-x-bible-newworld.csv",50000,4.52868775632682
"oss","oss-x-bible.csv",50000,7.15453617027881
"prf","prf-x-bible.csv",50000,5.4419126474278
"njm","njm-x-bible.csv",50000,6.28807247637592
"pot","pot-x-bible.csv",31108,8.47076931695298
"qvc","qvc-x-bible.csv",50000,7.43010240710969
"quc","quc-x-bible-1995.csv",50000,5.37636260777956
"por","por-x-bible-versaointernacional.csv",50000,5.95167314596932
"pis","pis-x-bible.csv",50000,4.63351464527672
"pab","pab-x-bible.csv",50000,6.40932500143782
"plt","plt-x-bible-romancatholic.csv",50000,6.53130377680248
"ong","ong-x-bible.csv",50000,5.12351485229241
"prs","prs-x-bible-todays.csv",50000,5.96974758721781
"pag","pag-x-bible.csv",50000,5.72221259860566
"pol","pol-x-bible-newworld.csv",50000,7.09824158460385
"ptp","ptp-x-bible.csv",50000,4.46066879925647
"quh","quh-x-bible-1993.csv",50000,8.11357750719693
"pir","pir-x-bible.csv",50000,5.7754224668487
"pbc","pbc-x-bible.csv",50000,5.8255003458244
"por","por-x-bible-newworld1996.csv",50000,6.10921269435151
"pio","pio-x-bible.csv",50000,6.13650794640352
"ron","ron-x-bible-cornilescu.csv",50000,6.21119833750321
"pua","pua-x-bible.csv",50000,7.42884622937042
"por","por-x-bible-livro.csv",50000,6.76572897297952
"pwg","pwg-x-bible.csv",50000,5.59477664216428
"pes","pes-x-bible-newworld.csv",50000,5.89511429183415
"npl","npl-x-bible.csv",50000,6.51292256793356
"pri","pri-x-bible.csv",50000,4.4917676623116
"quy","quy-x-bible.csv",50000,8.24975370586212
"qul","qul-x-bible-1985.csv",50000,7.90889639202101
"rro","rro-x-bible.csv",50000,6.28441036105361
"qul","qul-x-bible-2006.csv",50000,7.37489352691582
"plg","plg-x-bible.csv",50000,6.14549190355095
"qwh","qwh-x-bible.csv",50000,7.56193360589738
"ppk","ppk-x-bible.csv",50000,6.05302597548941
"pww","pww-x-bible.csv",50000,4.39825883102228
"pdt","pdt-x-bible.csv",50000,6.05461994674861
"rkb","rkb-x-bible.csv",50000,6.43371171660703
"por","por-x-bible-linguagemdehoje.csv",50000,5.47048214215887
"plt","plt-x-bible-1865.csv",50000,5.71038075078206
"por","por-x-bible-kingjames.csv",50000,6.23662901315575
"qvh","qvh-x-bible.csv",50000,6.93138618073976
"poh","poh-x-bible-eastern.csv",50000,5.35152398204154
"qug","qug-x-bible-chimborazo.csv",50000,7.37894436874535
"por","por-x-bible-almeidarevista.csv",50000,6.05775840509029
"sgw","sgw-x-bible.csv",50000,7.98312006612256
"qvm","qvm-x-bible.csv",50000,6.74203845708088
"por","por-x-bible-newworld2015.csv",35820,6.06192045733801
"qug","qug-x-bible-chimborazo2010.csv",50000,7.69416737505571
"qvo","qvo-x-bible.csv",50000,7.07844977112475
"pol","pol-x-bible-nowagdansk.csv",50000,7.01764585942327
"qvs","qvs-x-bible.csv",50000,6.93439689010667
"old","old-x-bible.csv",50000,7.54069803443334
"ron","ron-x-bible-newworld.csv",50000,6.1113889514593
"quz","quz-x-bible.csv",50000,8.22090506926874
"shk","shk-x-bible.csv",50000,5.90346882776663
"rmy","rmy-x-bible-chilean.csv",50000,5.30137494064315
"rwo","rwo-x-bible-karo.csv",50000,5.76726243555257
"qup","qup-x-bible.csv",50000,6.90942783909549
"qvw","qvw-x-bible.csv",50000,8.25393356365398
"sbd","sbd-x-bible.csv",50000,4.74139572717891
"rmy","rmy-x-bible.csv",50000,5.54648031116859
"pol","pol-x-bible-gdansk.csv",50000,6.69543789362536
"quf","quf-x-bible.csv",50000,6.95702883430714
"prs","prs-x-bible-goodnews.csv",50000,6.21689257093933
"por","por-x-bible-versaofacil.csv",50000,5.97643398052805
"quc","quc-x-bible-joyabaj.csv",50000,5.56982835994356
"run","run-x-bible-newworld.csv",50000,7.33648258448618
"rus","rus-x-bible-churchslavonic.csv",50000,6.87121657961578
"snd","snd-x-bible.csv",50000,5.87715781035887
"qxr","qxr-x-bible.csv",50000,7.25908742750945
"quh","quh-x-bible-1976.csv",50000,7.94524853106663
"quc","quc-x-bible-westcentral.csv",50000,5.00895529461511
"rus","rus-x-bible-modern2011.csv",50000,6.96632994201119
"pbl","pbl-x-bible.csv",50000,5.48552829043051
"rus","rus-x-bible-newworld.csv",50000,6.91105942916687
"qub","qub-x-bible.csv",50000,8.16696845045756
"rai","rai-x-bible.csv",50000,4.26620714051174
"roo","roo-x-bible.csv",50000,6.3602802869446
"sgz","sgz-x-bible.csv",50000,4.81416312776467
"sda","sda-x-bible.csv",50000,6.27824220189177
"snp","snp-x-bible-komongu.csv",50000,5.8405736845469
"slk","slk-x-bible-newworld.csv",50000,7.01901467379845
"ron","ron-x-bible-2006.csv",50000,5.78200711172976
"rus","rus-x-bible-slovozhizny2006.csv",50000,6.66060679524967
"smo","smo-x-bible.csv",50000,4.73344384203107
"sey","sey-x-bible.csv",50000,6.80843284108635
"qve","qve-x-bible.csv",50000,7.20474051911613
"qxo","qxo-x-bible.csv",50000,7.50687930471588
"rim","rim-x-bible.csv",50000,7.51365794084177
"qxh","qxh-x-bible.csv",50000,7.22075821164387
"shu","shu-x-bible.csv",50000,5.93383967856863
"quh","quh-x-bible-chumacharazani.csv",50000,7.43312128614187
"spy","spy-x-bible-2011.csv",50000,6.72426685141811
"ptu","ptu-x-bible.csv",50000,5.63867208537438
"qxn","qxn-x-bible.csv",50000,7.9892688583677
"sag","sag-x-bible-newworld.csv",50000,4.23421094830613
"poi","poi-x-bible.csv",50000,5.91757198160123
"sin","sin-x-bible-newworld.csv",50000,7.06616485063645
"qvz","qvz-x-bible.csv",50000,7.21599381927108
"sil","sil-x-bible.csv",50000,4.85286695028166
"sas","sas-x-bible.csv",50000,5.26224204712833
"sja","sja-x-bible.csv",50000,5.9358956558116
"shi","shi-x-bible.csv",50000,7.75206182872952
"sna","sna-x-bible.csv",50000,7.67422362531715
"snn","snn-x-bible-1982.csv",50000,6.04153624959189
"spa","spa-x-bible-americas.csv",50000,5.92871141426419
"sri","sri-x-bible.csv",50000,6.24457268568574
"spa","spa-x-bible-reinavaleracontemporanea.csv",50000,6.03076083113429
"sld","sld-x-bible.csv",50000,5.3479067744534
"run","run-x-bible.csv",50000,7.30730704486866
"sag","sag-x-bible.csv",50000,4.20450435858886
"sna","sna-x-bible-newworld.csv",50000,7.50338417909438
"sba","sba-x-bible.csv",50000,5.54622780578788
"rwo","rwo-x-bible-rawa.csv",50000,5.66714858751799
"swe","swe-x-bible-newworld.csv",50000,5.99445498447992
"qvn","qvn-x-bible.csv",50000,8.1052747126664
"sme","sme-x-bible.csv",50000,6.42976103187106
"rmo","rmo-x-bible.csv",50000,5.00813471936857
"sgb","sgb-x-bible.csv",50000,4.92564611290536
"snw","snw-x-bible.csv",50000,5.97954776374169
"pse","pse-x-bible.csv",50000,5.49427667790092
"som","som-x-bible.csv",50000,6.78720611580907
"rus","rus-x-bible-synodal.csv",50000,6.95646849981776
"sab","sab-x-bible.csv",50000,4.82633573974671
"sot","sot-x-bible-newworld.csv",50000,5.41314146980562
"snn","snn-x-bible-2009.csv",50000,5.81380175552048
"sot","sot-x-bible-southern1961.csv",50000,5.33160928660746
"smk","smk-x-bible.csv",50000,5.56857551497323
"sqi","sqi-x-bible.csv",50000,6.10272373270844
"ssw","ssw-x-bible-newworld.csv",50000,7.8211514264423
"swh","swh-x-bible-habarinjema.csv",50000,6.75791249056818
"sum","sum-x-bible.csv",50000,5.69992023616265
"spp","spp-x-bible.csv",50000,4.89063162053489
"sot","sot-x-bible-southern1989.csv",50000,5.56955008578233
"shp","shp-x-bible.csv",50000,7.16261534720178
"slv","slv-x-bible-newworld.csv",50000,6.83387984887284
"sll","sll-x-bible.csv",50000,5.41617013833248
"sml","sml-x-bible.csv",50000,5.83281912012177
"spa","spa-x-bible-nuevadehoi.csv",50000,6.00019305518222
"tbl","tbl-x-bible.csv",50000,5.01017349721756
"sps","sps-x-bible.csv",50000,5.08633934018209
"srp","srp-x-bible.csv",50000,6.45492019556758
"rus","rus-x-bible-kulakov.csv",50000,7.00379788908268
"slk","slk-x-bible-catholic.csv",50000,6.65085775281239
"qvi","qvi-x-bible.csv",50000,6.94984137538051
"snc","snc-x-bible.csv",50000,5.97492906031456
"slv","slv-x-bible.csv",50000,6.60794647350936
"srn","srn-x-bible.csv",50000,4.44415757235795
"ssd","ssd-x-bible.csv",50000,5.78729073521275
"sqi","sqi-x-bible-interconfessional.csv",50000,5.8517943545171
"spa","spa-x-bible-nuevaviviente.csv",50000,6.24444163527707
"sbl","sbl-x-bible.csv",50000,5.23463306914283
"szb","szb-x-bible.csv",50000,6.01298807825355
"tat","tat-x-bible.csv",50000,7.09712876369021
"tbz","tbz-x-bible.csv",50000,6.22411231945915
"sun","sun-x-bible-informal.csv",50000,6.98479516804443
"swe","swe-x-bible-nyalevande.csv",50000,5.45227699600572
"srq","srq-x-bible.csv",50000,4.89511845155146
"snp","snp-x-bible-lambau.csv",50000,5.78565250478573
"ssg","ssg-x-bible.csv",50000,5.05130802937588
"spa","spa-x-bible-hablahoi-latina.csv",50000,6.06579123055726
"spa","spa-x-bible-newworld.csv",50000,5.87929292187089
"spa","spa-x-bible-nuevointernacional.csv",50000,6.31117505936491
"tha","tha-x-bible-standard1971.csv",50000,5.58341403496057
"sua","sua-x-bible.csv",50000,5.06817394903542
"soy","soy-x-bible.csv",50000,5.79010620907649
"swk","swk-x-bible.csv",50000,6.96383380805546
"rus","rus-x-bible-centralasian.csv",50000,6.601939664854
"spa","spa-x-bible-lapalabra.csv",50000,6.46421552011069
"sur","sur-x-bible.csv",50000,4.72002352791817
"spy","spy-x-bible-1997.csv",50000,6.44955476284119
"swh","swh-x-bible-union1952.csv",50000,6.82721826898487
"swg","swg-x-bible.csv",50000,6.01864362839585
"sim","sim-x-bible.csv",50000,5.45281729554812
"sxn","sxn-x-bible-sangir.csv",50000,5.96484594281845
"teo","teo-x-bible.csv",50000,6.96542755696187
"smo","smo-x-bible-newworld.csv",50000,4.83285761218613
"sue","sue-x-bible.csv",50000,5.54654352435999
"tgp","tgp-x-bible.csv",50000,4.90702581665714
"tih","tih-x-bible.csv",50000,5.61978277826658
"srm","srm-x-bible.csv",50000,4.80292928554052
"sxn","sxn-x-bible-siau.csv",50000,6.47884409447806
"sxb","sxb-x-bible.csv",50000,6.27893057323979
"tbo","tbo-x-bible.csv",50000,5.27155774640571
"taw","taw-x-bible.csv",50000,4.87996344373115
"ssx","ssx-x-bible.csv",50000,6.36022673151985
"stp","stp-x-bible.csv",50000,5.00040076759754
"suk","suk-x-bible.csv",50000,6.29905076669832
"tam","tam-x-bible-newworld.csv",50000,7.87230847625484
"sig","sig-x-bible.csv",50000,4.70873011052387
"tpp","tpp-x-bible.csv",50000,6.73208226029581
"tcz","tcz-x-bible.csv",50000,8.21019917508454
"tcc","tcc-x-bible.csv",50000,7.20625666042293
"ssw","ssw-x-bible.csv",50000,8.53245531203021
"tby","tby-x-bible.csv",50000,5.88968317425431
"stn","stn-x-bible.csv",50000,5.21058896468944
"tbc","tbc-x-bible.csv",50000,5.39689146499824
"tee","tee-x-bible.csv",50000,5.80135633517824
"soq","soq-x-bible.csv",50000,6.61885156391555
"sus","sus-x-bible.csv",50000,4.83793022967921
"tos","tos-x-bible.csv",50000,7.10028333810945
"tnn","tnn-x-bible.csv",50000,5.75725975552592
"taq","taq-x-bible.csv",50000,7.49380817798721
"trc","trc-x-bible.csv",50000,4.58589294056191
"swh","swh-x-bible-newworld.csv",50000,6.60283930641275
"tdt","tdt-x-bible-newworld.csv",50000,4.84003517932547
"tel","tel-x-bible.csv",50000,7.9807326653348
"tha","tha-x-bible-kjv.csv",50000,5.42858840352904
"tha","tha-x-bible-standard2011.csv",50000,5.5258993237709
"spl","spl-x-bible.csv",50000,5.71693756224606
"tab","tab-x-bible.csv",50000,7.29213381434382
"sny","sny-x-bible.csv",50000,4.75181400518255
"tar","tar-x-bible.csv",50000,5.39468208705319
"syc","syc-x-bible.csv",50000,7.0995536521499
"tir","tir-x-bible-newworld.csv",50000,7.2076633308673
"tim","tim-x-bible.csv",50000,6.13210372871441
"tgl","tgl-x-bible-1905.csv",50000,5.50907618645243
"taj","taj-x-bible.csv",50000,5.19274406565919
"tur","tur-x-bible-newworld.csv",50000,7.59508863411229
"tac","tac-x-bible.csv",50000,6.18342641691474
"thk","thk-x-bible.csv",50000,6.5254994516106
"tha","tha-x-bible-newcontemporary.csv",50000,5.52837992611536
"tum","tum-x-bible.csv",50000,6.40305977260142
"srp","srp-x-bible-newworld.csv",50000,6.75260011498568
"tlf","tlf-x-bible.csv",50000,5.59085000566932
"tbg","tbg-x-bible.csv",50000,6.48869185167768
"tte","tte-x-bible.csv",50000,6.14541597528474
"tgl","tgl-x-bible-1996.csv",50000,5.72206788079096
"twi","twi-x-bible-newworld.csv",50000,6.03528512164248
"tpi","tpi-x-bible.csv",50000,4.40733148030392
"tlb","tlb-x-bible.csv",50000,6.18718519882512
"tlh","tlh-x-bible.csv",50000,5.40206263683148
"tpt","tpt-x-bible.csv",50000,6.13343269142
"tca","tca-x-bible.csv",50000,5.50803878637102
"sun","sun-x-bible-formal.csv",50000,6.84264846348805
"srn","srn-x-bible-newworld.csv",50000,4.86589937857824
"ter","ter-x-bible.csv",50000,6.35822459428677
"tem","tem-x-bible.csv",50000,5.75522658020931
"tsn","tsn-x-bible-1970.csv",50000,5.29323960069494
"tgl","tgl-x-bible-newworld.csv",50000,5.38961001385415
"trq","trq-x-bible.csv",50000,4.61135931553732
"toj","toj-x-bible.csv",50000,5.46454143271782
"tgk","tgk-x-bible.csv",50000,6.17159806165874
"tpz","tpz-x-bible.csv",50000,4.56264216909988
"ukr","ukr-x-bible-2007.csv",50000,6.52476097219121
"udu","udu-x-bible.csv",50000,4.76178757996081
"tpi","tpi-x-bible-newworld.csv",50000,4.1693034884294
"tso","tso-x-bible-newworld.csv",50000,5.48872692865235
"swp","swp-x-bible.csv",50000,5.82040422449502
"tha","tha-x-bible-newworld.csv",50000,4.99791230707938
"ura","ura-x-bible.csv",50000,6.58361305023838
"too","too-x-bible.csv",50000,6.23780331295199
"tsz","tsz-x-bible.csv",50000,7.38856455471387
"tfr","tfr-x-bible.csv",50000,4.58679142356951
"tso","tso-x-bible-1989.csv",50000,5.31002704763523
"tuo","tuo-x-bible-2009.csv",50000,6.09107267124612
"tur","tur-x-bible-southernazeri.csv",50000,7.74626181121477
"tik","tik-x-bible.csv",50000,5.1605062831875
"swh","swh-x-bible-union1997.csv",50000,6.90557288878889
"tzo","tzo-x-bible-chenalho.csv",50000,5.22447230939095
"tav","tav-x-bible.csv",50000,6.13421748363816
"top","top-x-bible.csv",50000,6.76066252722291
"tob","tob-x-bible.csv",50000,5.83367213968043
"toh","toh-x-bible.csv",50000,5.54632154109631
"tzh","tzh-x-bible-oxchuc.csv",50000,5.2300310529818
"tue","tue-x-bible.csv",50000,6.5988067491108
"txu","txu-x-bible.csv",50000,5.39576844006471
"twi","twi-x-bible.csv",50000,5.86786385172437
"vmy","vmy-x-bible.csv",50000,5.95308469056817
"tna","tna-x-bible.csv",50000,5.156331119728
"tpm","tpm-x-bible.csv",50000,5.42387160288001
"tzo","tzo-x-bible-1997.csv",50000,5.57389025348317
"vie","vie-x-bible-banphothong.csv",50000,5.37825729435172
"tur","tur-x-bible-2009.csv",50000,7.39277514049883
"tdt","tdt-x-bible.csv",50000,4.83514553188472
"toc","toc-x-bible.csv",50000,6.77204927564429
"tzo","tzo-x-bible-chamula2000.csv",50000,5.6235503728795
"waj","waj-x-bible.csv",50000,5.80541993824133
"tuf","tuf-x-bible.csv",50000,5.76703203205832
"ukr","ukr-x-bible-2009.csv",50000,6.95236537910231
"uig","uig-x-bible-romanized.csv",50000,6.96881020217032
"tcs","tcs-x-bible.csv",50000,4.98198405768217
"tha","tha-x-bible-easy.csv",50000,5.36765881163507
"uzb","uzb-x-bible-newworld.csv",50000,7.22797562402261
"tui","tui-x-bible.csv",50000,5.3251417978931
"tzj","tzj-x-bible-western.csv",50000,5.10895305444299
"tpa","tpa-x-bible.csv",15022,5.82513599398239
"trn","trn-x-bible.csv",50000,5.96180333057602
"ttq","ttq-x-bible.csv",50000,7.31055639448965
"wed","wed-x-bible-wedau.csv",14058,5.46380558351457
"urd","urd-x-bible-2007.csv",50000,6.12677724371057
"ubr","ubr-x-bible.csv",50000,6.06862546616345
"wuv","wuv-x-bible.csv",50000,5.69954804453979
"upv","upv-x-bible.csv",50000,5.65756882624521
"tuc","tuc-x-bible-2011VAR2.csv",50000,4.82861284487505
"tur","tur-x-bible-goodnews.csv",50000,7.34502018384906
"wob","wob-x-bible.csv",50000,5.49028422427695
"ttc","ttc-x-bible.csv",50000,5.48407850062015
"usa","usa-x-bible.csv",50000,8.28914969963594
"urd","urd-x-bible-international.csv",50000,5.29900555713713
"ukr","ukr-x-bible-1871.csv",50000,6.99646505199726
"vun","vun-x-bible.csv",50000,6.87741501863521
"tku","tku-x-bible.csv",50000,6.45097672182578
"tir","tir-x-bible.csv",50000,7.62309714462677
"tuc","tuc-x-bible-2011VAR1.csv",50000,4.86626009953673
"xav","xav-x-bible.csv",50000,4.63612904975464
"ubu","ubu-x-bible-kala.csv",50000,5.48547031040094
"vie","vie-x-bible-newworld.csv",50000,5.1406571887266
"usp","usp-x-bible.csv",50000,5.04885518963752
"urk","urk-x-bible.csv",50000,4.56212605123889
"twu","twu-x-bible.csv",50000,5.39802260914647
"wap","wap-x-bible.csv",50000,6.5708314965575
"tuo","tuo-x-bible-2004.csv",50000,6.23237018515849
"ubu","ubu-x-bible-nopenge.csv",50000,5.45317395753105
"xon","xon-x-bible-likpakpaaln.csv",50000,4.70658228112343
"vie","vie-x-bible-1926compounds.csv",50000,5.73343491226947
"yan","yan-x-bible.csv",50000,6.06040831697785
"vut","vut-x-bible.csv",50000,5.78155062065203
"ukr","ukr-x-bible-1962.csv",50000,6.97242366747921
"wbp","wbp-x-bible.csv",50000,7.95051839724409
"tzo","tzo-x-bible-huixtan.csv",50000,5.11065592950046
"xuo","xuo-x-bible.csv",50000,4.72051335365128
"war","war-x-bible-newworld.csv",50000,5.28180364097034
"tzo","tzo-x-bible-chamula.csv",50000,5.31695949365686
"vie","vie-x-bible-revised2010.csv",50000,5.24790168454571
"tzo","tzo-x-bible-zinacantan.csv",50000,5.27235763307569
"tso","tso-x-bible-1929.csv",50000,5.45561416287989
"tsn","tsn-x-bible-1908.csv",50000,5.23004254528345
"wwa","wwa-x-bible.csv",50000,5.05391512185817
"vie","vie-x-bible-1926nocompounds.csv",50000,5.64481104895553
"ycn","ycn-x-bible.csv",50000,5.88279746749998
"tzo","tzo-x-bible-newworld.csv",50000,5.57026253988906
"wos","wos-x-bible.csv",50000,5.20383245930351
"wbm","wbm-x-bible.csv",50000,5.02588990377107
"wca","wca-x-bible.csv",50000,4.7036088257376
"urb","urb-x-bible.csv",50000,4.63328318963968
"xbi","xbi-x-bible-yanimoi.csv",50000,5.55444695851509
"vie","vie-x-bible-2002.csv",50000,5.85247256451389
"wmw","wmw-x-bible.csv",50000,7.23346738939727
"xal","xal-x-bible.csv",50000,7.20111770412426
"uig","uig-x-bible.csv",50000,6.95738232071337
"yua","yua-x-bible.csv",50000,6.08094262893873
"zao","zao-x-bible.csv",50000,4.99578326456965
"viv","viv-x-bible.csv",50000,5.93679157742128
"vag","vag-x-bible.csv",50000,5.2226305132677
"uvl","uvl-x-bible.csv",50000,4.97232167932696
"xed","xed-x-bible.csv",50000,5.47494710101594
"wed","wed-x-bible-topura.csv",14002,5.97696645481549
"xho","xho-x-bible-newworld.csv",50000,7.9647170184425
"zab","zab-x-bible.csv",50000,5.79247213530053
"wrs","wrs-x-bible.csv",50000,7.42357334298415
"yaq","yaq-x-bible.csv",50000,6.55888091915858
"wnc","wnc-x-bible.csv",50000,6.61867175410774
"tzh","tzh-x-bible-bachajon.csv",50000,5.3863874331909
"tzj","tzj-x-bible-eastern.csv",50000,5.70759734513376
"zat","zat-x-bible.csv",50000,5.74901392853299
"ven","ven-x-bible.csv",50000,5.71466362735931
"ven","ven-x-bible-newworld.csv",50000,5.12984401473301
"yad","yad-x-bible.csv",50000,7.23243804254363
"xla","xla-x-bible.csv",50000,6.06560590912314
"wnu","wnu-x-bible.csv",50000,5.71576881274956
"xho","xho-x-bible-2012.csv",50000,8.08579584233354
"yli","yli-x-bible.csv",50000,5.81118236354275
"wal","wal-x-bible.csv",50000,7.2025009599432
"yby","yby-x-bible.csv",50000,6.8211713419789
"xsu","xsu-x-bible.csv",50000,4.69851053545432
"zul","zul-x-bible-newworld.csv",50000,7.95655465326525
"zpm","zpm-x-bible.csv",50000,5.41982618066276
"vie","vie-x-bible-bd2011.csv",50000,5.28347038841893
"wsk","wsk-x-bible.csv",50000,5.80016938493794
"yon","yon-x-bible.csv",50000,6.50139294095345
"yrb","yrb-x-bible.csv",50000,5.89300172887027
"zsm","zsm-x-bible-todaysmalay.csv",50000,5.58035989881588
"wer","wer-x-bible.csv",50000,5.61184153738353
"xtd","xtd-x-bible.csv",50000,5.84082755892774
"xon","xon-x-bible-likoonli.csv",50000,4.66420251533472
"yal","yal-x-bible.csv",50000,4.95572839218474
"zar","zar-x-bible.csv",50000,5.92665342692784
"whk","whk-x-bible.csv",50000,5.22888037757493
"zad","zad-x-bible.csv",50000,6.15436838581268
"wiu","wiu-x-bible.csv",50000,6.28491694774839
"urd","urd-x-bible-revised2010.csv",50000,5.57787431510403
"yss","yss-x-bible-mayo.csv",50000,5.16982201288433
"urd","urd-x-bible-devanagari.csv",50000,5.35056465994603
"xbi","xbi-x-bible-wampukuamp.csv",50000,5.48831333702338
"zaw","zaw-x-bible.csv",50000,6.96231489686642
"yor","yor-x-bible-newworld.csv",50000,5.24148160490433
"zas","zas-x-bible.csv",50000,5.69918990205817
"xtm","xtm-x-bible.csv",50000,4.35483015334285
"yuw","yuw-x-bible.csv",50000,5.97867142808717
"yam","yam-x-bible.csv",50000,5.22110906812826
"zia","zia-x-bible.csv",50000,5.56644553365612
"wol","wol-x-bible.csv",50000,5.54875013592271
"zpc","zpc-x-bible.csv",50000,6.22683288203096
"yuz","yuz-x-bible.csv",50000,7.28557026034056
"xrb","xrb-x-bible.csv",50000,4.53119571348247
"yss","yss-x-bible-yawu.csv",50000,5.13555146949966
"xsi","xsi-x-bible.csv",50000,4.86789452291314
"zai","zai-x-bible.csv",50000,5.48619437328357
"ztq","ztq-x-bible.csv",50000,5.28129035560307
"war","war-x-bible.csv",50000,5.63670084514725
"xsm","xsm-x-bible.csv",50000,4.66726842286081
"zos","zos-x-bible.csv",50000,7.16316908314021
"way","way-x-bible.csv",50000,5.93744747841209
"zpi","zpi-x-bible.csv",50000,4.87347352592793
"zpv","zpv-x-bible.csv",50000,5.39333353182034
"zam","zam-x-bible.csv",50000,5.34262811372341
"yle","yle-x-bible.csv",50000,4.6944599018732
"yva","yva-x-bible.csv",50000,5.06211910011649
"yaa","yaa-x-bible.csv",50000,6.39719958991693
"yuj","yuj-x-bible.csv",50000,5.77419737395683
"zpl","zpl-x-bible.csv",50000,5.59262582379041
"zpz","zpz-x-bible.csv",50000,4.8031967735163
"yua","yua-x-bible-newworld.csv",50000,5.62789567712569
"xbr","xbr-x-bible.csv",50000,6.33917751781712
"zty","zty-x-bible.csv",50000,5.63114997997501
"yut","yut-x-bible.csv",50000,5.76900519131176
"xho","xho-x-bible-1996.csv",50000,8.56535234657265
"zul","zul-x-bible.csv",50000,8.16378685643205
"zav","zav-x-bible.csv",50000,5.91557532841099
"zsm","zsm-x-bible-goodnews.csv",50000,5.57583045023856
"zpq","zpq-x-bible.csv",50000,5.91906220017767
"zac","zac-x-bible.csv",50000,5.74581611337744
"zpo","zpo-x-bible.csv",50000,4.84405432700016
"zpu","zpu-x-bible.csv",50000,5.91346016589141
"yml","yml-x-bible.csv",50000,5.12536330619899
"yor","yor-x-bible-2010.csv",50000,5.29615907433402
"zsr","zsr-x-bible.csv",50000,5.86002595267193
"zca","zca-x-bible.csv",50000,5.34369628362028
"zom","zom-x-bible.csv",50000,5.76657999323121
